fishing_entity,catch_vol_2014,catch_val_2014,catch_wma_spp_th,catch_wma_aggregated,value_wma_spp_th,value_wma_aggregated,ratio_vol,n_spp_catch,n_thr_spp_catch,importer_name,country_name_short,country_wdi,iso2c,year,score_wgi_scale,gdp_usd,year_gdp,gdp_percap_usd,region,pop,year_pop
Albania,3039.596395,2931591.601,13.49305556,2451.508268,37859.98611,2130618.965,0.806524271,11,1,Albania,Albania,Albania,AL,2015,0.1571487,11386927679,2015,3952.829458,Europe & Central Asia,2880703,2015
Algeria,91092.24291,101032994.6,263.4836253,38441.90391,1021786.777,33456954.45,0.42201073,66,3,Algeria,Algeria,Algeria,DZ,2015,-0.8490695,1.65978E+11,2015,4177.867517,Middle East & North Africa,39728025,2015
American Samoa,541.5496285,1147614.401,26.73465827,2.494202694,65144.7253,3656.50115,0.004605677,9,1,NA,Amer Samoa,Amer Samoa,AS,2015,1.004767,661000000,2015,11843.33118,East Asia & Pacific,55812,2015
Angola,191241.5399,475842834,357.5691838,137364.2307,1308600.855,372729869.1,0.718276117,50,3,Angola,Angola,Angola,AO,2015,-1.177251,1.16194E+11,2015,4166.979684,Sub-Saharan Africa,27884381,2015
Argentina,640148.8378,741149362.8,101.9166667,17179.44707,101602.9011,29835642.86,0.026836645,42,1,Argentina,Argentina,Argentina,AR,2015,0.4117876,5.94749E+11,2015,13789.06042,Latin America & Caribbean,43131966,2015
Australia,122995.6497,514907288.5,3138.963847,85535.24228,13193295.7,347113059,0.69543307,246,15,Australia,Australia,Australia,AU,2015,1.355591,1.35169E+12,2015,56755.72171,East Asia & Pacific,23815995,2015
Azores Isl. (Portugal),422.9528869,1989374.875,2.010826174,106.5346421,9879.162281,157646.6089,0.251883,67,6,NA,Azores Isl,NA,NA,NA,NA,NA,NA,NA,NA,NA,NA
Bahamas,7700.277778,81680220.36,0,0,0,0,0,0,0,Bahamas,Bahamas,"Bahamas, The",BS,2015,0.9514745,11752300000,2015,31405.96356,Latin America & Caribbean,374206,2015
Bangladesh,58135.75332,39262903.51,0,55538.64593,0,37863943.87,0.955326847,0,0,Bangladesh,Bangladesh,Bangladesh,BD,2015,-0.5120468,1.95079E+11,2015,1248.453398,South Asia,156256276,2015
Barbados,2265.250625,2417770.948,15.2879296,2086.421347,24074.80615,2090014.627,0.921055412,17,3,Barbados,Barbados,Barbados,BB,2015,1.096536,4725500000,2015,16561.87352,Latin America & Caribbean,285324,2015
Belgium,23646.70608,118679536.6,275.2467861,2756.220393,518188.1785,12522925.07,0.116558322,58,5,Belgium,Belgium,Belgium,BE,2015,1.38744,4.6215E+11,2015,40991.80814,Europe & Central Asia,11274196,2015
Belize,318220.846,187881006.2,44706.80458,213089.5135,65538891.03,84083579.51,0.669627764,70,5,Belize,Belize,Belize,BZ,2015,0.5781333,1723785357,2015,4775.915077,Latin America & Caribbean,360933,2015
Benin,875.222284,1577902.079,10.55211012,545.4175919,86343.04216,803479.2001,0.62317608,45,2,Benin,Benin,Benin,BJ,2015,0.2961209,11388160958,2015,1076.797716,Sub-Saharan Africa,10575952,2015
Bermuda (UK),149.0882569,938633.6662,2.168001287,8.153439228,9201.835441,14003.83623,0.054688675,13,3,Bermuda,Bermuda,Bermuda,BM,2013,1.004767,5573710000,2013,85748.06541,North America,65239,2015
Brazil,292625.1496,577665286.8,4436.172386,62513.73253,15308873.44,133043457.8,0.213630758,225,31,Brazil,Brazil,Brazil,BR,2015,0.4588516,1.80221E+12,2015,8814.000987,Latin America & Caribbean,204471769,2015
British Virgin Isl. (UK),5.777777778,18820.11111,0,0,0,0,0,0,0,NA,British Virgin Isl,Br Virgin Is,None,2015,1.297749,481100000,2015,"40,283",Latin America & Caribbean,"30,113",2015
Brunei Darussalam,2863.096312,3500525.084,0,2748.61159,0,3412251.883,0.960013667,0,0,Brunei Darsm,Brunei,Brunei Darussalam,BN,2015,-0.2541476,12930394938,2015,31164.56203,East Asia & Pacific,414907,2015
Bulgaria,7927.525028,6927976.954,149.648526,4058.572917,597920.3424,5022896.337,0.511959647,23,4,Bulgaria,Bulgaria,Bulgaria,BG,2015,0.4325731,50201314895,2015,6993.783483,Europe & Central Asia,7177991,2015
Cambodia,105973.8611,97619624.46,0,92259.2992,0,82192564.97,0.870585428,0,0,Cambodia,Cambodia,Cambodia,KH,2015,-1.122615,18049954289,2015,1162.90492,East Asia & Pacific,15521436,2015
Cameroon,5503.065794,3973988.339,114.4036279,1738.559888,462097.5816,1841434.822,0.315925695,21,2,Cameroon,Cameroon,Cameroon,CM,2015,-0.9540802,30916218544,2015,1326.969277,Sub-Saharan Africa,23298368,2015
Canada,813319.9151,2209712285,13097.48873,97015.33226,40721756.37,260677316.6,0.119283114,99,11,Canada,Canada,Canada,CA,2015,1.467126,1.5529E+12,2015,43495.05439,North America,35702908,2015
Cape Verde,12587.20637,28592715.56,353.9839462,212.0084494,1017181.072,337324.6048,0.016843169,36,2,Cape Verde,Cape Verde,Cabo Verde,CV,2015,0.9438726,1596800287,2015,3043.013984,Sub-Saharan Africa,524743,2015
Cayman Isl. (UK),125,519220.3559,0,120.3125,0,500844.9219,0.9625,0,0,Cayman Is,Cayman Isl,Cayman Islands,KY,2015,0.4691605,4708336733,2015,76280.48625,Latin America & Caribbean,61724,2015
Channel Isl. (UK),2847.960166,10752337.09,1.674317627,414.907035,2324.730833,802508.9004,0.145685688,54,4,NA,Channel Isl,Channel Is,JE,2017,1.273855,11500000000,2017,56600,Europe & Central Asia,"165,385",2015
Chile,2267063.682,1005548431,0.548128597,119511.0973,874.9224254,135788414.8,0.052716251,70,5,Chile,Chile,Chile,CL,2015,1.004488,2.43919E+11,2015,13574.17183,Latin America & Caribbean,17969353,2015
China,10325375.25,14694768791,8702.589009,5279140.813,17127579.17,8218898744,0.511278349,195,13,China Main,China,China,CN,2015,-1.160777,1.1E+13,2015,8033.388043,East Asia & Pacific,1371220000,2015
Colombia,23768.02747,36312118.61,281.9938919,7109.490991,794197.4755,17368788.33,0.299119942,50,4,Colombia,Colombia,Colombia,CO,2015,0.0039272,2.93482E+11,2015,6175.87603,Latin America & Caribbean,47520667,2015
Comoros,19097.65972,18295751.2,93.97222222,14088.19004,137763.2778,10842645.38,0.73769196,24,1,Comoros,Comoros,Comoros,KM,2015,-0.2911712,965640593,2015,1242.102885,Sub-Saharan Africa,777424,2015
"Congo, R. of",6967.807964,16589539.25,1200.675726,2409.287298,3582210.406,5261498.763,0.345774067,38,2,Congo Rep,Congo Rep,"Congo, Rep.",CG,2015,-1.016877,8553154580,2015,1761.32357,Sub-Saharan Africa,4856095,2015
Cook Islands,1084.623384,2809193.305,26.55214449,680.5363564,103191.6864,1103618.965,0.62744024,14,2,Cook Is.,Cook Isl,Cook Islands,CK,2010,-0.3573337,309000000,2017,17798,NA,17794,2011
Costa Rica,11614.07035,18144250.03,1330.644446,6822.494328,1105789.435,8284219.244,0.587433529,25,4,Costa Rica,Costa Rica,Costa Rica,CR,2015,1.151579,54775994479,2015,11299.13554,Latin America & Caribbean,4847804,2015
Côte d'Ivoire,21826.0237,30417815.08,631.1581377,14220.06722,1036855.419,17577047.04,0.651518912,58,10,NA,Cote d Ivoire,NA,NA,NA,NA,NA,NA,NA,NA,NA,NA
Croatia,55584.24754,42138138.57,486.6399206,8268.802225,4002069.836,11980107.19,0.148761611,24,2,Croatia,Croatia,Croatia,HR,2015,0.5555071,49530656285,2015,11782.90255,Europe & Central Asia,4203604,2015
Cuba,2916.463754,4148545.703,0,1735.401905,0,1513409.642,0.595036335,37,2,Cuba,Cuba,Cuba,CU,2015,-1.058119,87133000000,2015,7694.01192,Latin America & Caribbean,11324781,2015
Curacao,2289.491139,6573179.829,80.59488739,6.055389781,325978.8346,8877.201418,0.002644863,7,1,CuraÃ§ao,Curacao,NA,NA,2015,0.3408031,3213148452,2015,"19,951",NA,"161,052",2015
Denmark,660277.4831,1123447791,8870.571435,218745.8408,19895495.85,467219958.9,0.331293807,97,8,Denmark,Denmark,Denmark,DK,2015,1.552826,3.02673E+11,2015,53254.856,Europe & Central Asia,5683483,2015
Dominica,12169.59562,23632292.71,322.2681978,3236.925883,507848.4113,5379937.268,0.265984671,187,13,Dominica,Dominica,Dominica,DM,2015,0.8788872,540737037,2015,7596.435062,Latin America & Caribbean,71183,2015
Dominican Republic,1648.626325,6116639.553,0,1648.626325,0,6116639.553,1,0,0,Dominican Rp,Dominican Rep,Dominican Republic,DO,2015,0.1542685,71164826721,2015,6921.517371,Latin America & Caribbean,10281680,2015
Ecuador,252220.5839,206142023.9,4221.538509,35051.57799,9293918.041,45268739.51,0.138971917,46,8,Ecuador,Ecuador,Ecuador,EC,2015,-0.2117547,99290381000,2015,6124.491643,Latin America & Caribbean,16212020,2015
Egypt,96154.96217,119051956.2,42.7545153,80481.06132,62678.11943,89005995.13,0.836993323,48,2,Egypt,Egypt,"Egypt, Arab Rep.",EG,2015,-1.19042,3.32698E+11,2015,3598.970948,Middle East & North Africa,92442547,2015
El Salvador,1339.722736,1172561.83,9.869881014,1178.752253,6590.547691,850961.7905,0.879847913,15,6,El Salvador,El Salvador,El Salvador,SV,2015,0.1523898,23438000000,2015,3705.540002,Latin America & Caribbean,6325124,2015
Equatorial Guinea,618.0992813,2046026.931,15.76547085,1.166666667,29224.68027,1710.333333,0.001887507,11,2,Eq Guinea,Eq Guinea,Equatorial Guinea,GQ,2015,-2.000251,13185496836,2015,11283.46561,Sub-Saharan Africa,1168568,2015
Eritrea,0.110925926,159.5191307,0,0.106564251,0,145.6586613,0.960679393,0,0,Eritrea,Eritrea,Eritrea,ER,2015,-2.106812,2607739837,2011,811.3760286,Sub-Saharan Africa,3213972,2011
Estonia,59414.62533,21799941.09,2.089760701,745.8544227,15581.59737,1007950.559,0.012553381,70,5,Estonia,Estonia,Estonia,EE,2015,1.186864,23048864243,2015,17522.23019,Europe & Central Asia,1315407,2015
Faeroe Isl. (Denmark),403956.585,782482759.5,5901.446381,177786.6602,15356283.92,384953213.1,0.440113287,59,6,Faeroe Is,Faeroe Isl,NA,None,2015,1.552723,3.03E+11,2015,50581.97,Europe & Central Asia,"48,965",2015
Falkland Isl. (UK),84172.99404,390630505.4,225.9558295,14120.07794,466343.0395,43420628.44,0.167750691,34,3,Falkland Is,Falkland Isl,NA,None,2015,1.297749,2.9E+12,2015,70800,Latin America & Caribbean,"2,834",2015
Fiji,2445.259304,6549511.186,413.4866147,18.13490023,641837.678,26585.76374,0.007416351,16,5,Fiji,Fiji,Fiji,FJ,2015,0.0277805,4682546863,2015,5390.745237,East Asia & Pacific,868627,2015
Finland,120200.0283,42654143.54,1.541944444,1414.515736,2255.972965,2147835.497,0.011768015,25,1,Finland,Finland,Finland,FI,2015,1.543586,2.34585E+11,2015,42811.21299,Europe & Central Asia,5479531,2015
France,301190.3039,903114005.3,14078.1396,56593.1298,35861930.89,182821019.6,0.187898246,333,32,France,France,France,FR,2015,1.206641,2.43821E+12,2015,36638.18493,Europe & Central Asia,66548272,2015
French Polynesia,8507.099558,34898919.14,534.0010879,1566.141562,2328751.9,4934823.676,0.184098182,25,5,Fr Polynesia,Fr Polynesia,NA,None,2015,1.206558,NA,2015,"17,000",East Asia & Pacific,"277,690",2015
Gabon,7344.464705,28580838.76,868.3873133,5242.422595,8354081.031,12699068.22,0.713792333,46,4,Gabon,Gabon,Gabon,GA,2015,-0.8941539,14377324798,2015,7381.746749,Sub-Saharan Africa,1947686,2015
Gambia,2239.179146,1808372.216,101.6129214,910.8072962,129946.0814,702590.9881,0.406759458,33,4,Gambia,Gambia,"Gambia, The",GM,2015,-1.46007,1378176868,2015,660.7235712,Sub-Saharan Africa,2085860,2015
Gaza Strip,2395.281125,3830187.732,27.11119764,1898.275834,20179.90941,3277307.476,0.792506489,43,6,NA,Gaza Strip,NA,NA,NA,NA,NA,NA,NA,NA,NA,NA
Georgia,20470.36111,5741227.296,0.25,700.9375,204.5972381,470761.2826,0.03424158,16,2,Georgia,Georgia,Georgia,GE,2015,0.274588,14953950557,2015,4014.185944,Europe & Central Asia,3725276,2015
Germany,181335.1915,233913292.7,1565.528426,33181.28778,2556843.621,32316904.55,0.182983168,110,8,Germany,Germany,Germany,DE,2015,1.421997,3.36055E+12,2015,41139.54457,Europe & Central Asia,81686611,2015
Ghana,60162.54848,78442182.67,5988.978608,7018.575853,10400057.88,12291586.05,0.116660215,83,7,Ghana,Ghana,Ghana,GH,2015,0.4899295,49181854798,2015,1766.005701,Sub-Saharan Africa,27849205,2015
Greece,43849.98761,166697651.6,378.6930655,12357.97032,3474019.504,34346851.85,0.281823804,85,7,Greece,Greece,Greece,GR,2015,0.6515437,1.96591E+11,2015,18167.77372,Europe & Central Asia,10820883,2015
Greenland,182476.8949,547141617.3,1489.062581,25898.355,3726731.194,42700174.66,0.141926763,31,3,Greenland,Greenland,Greenland,GL,2015,1.273942,2499115623,2015,44536.40131,Europe & Central Asia,56114,2015
Grenada,1005.89898,1569709.779,26.32184586,170.4063845,34416.61257,213196.5401,0.169407056,42,3,Grenada,Grenada,Grenada,GD,2015,0.8060584,997007925.9,2015,9096.870646,Latin America & Caribbean,109599,2015
Guam (USA),4.702689626,16543.9456,0,1.361776476,0,3692.808759,0.289573964,0,0,NA,Guam,Guam,GU,2015,0.7834459,5710000000,2015,35278.92594,East Asia & Pacific,161853,2015
Guatemala,2045.134128,3061943.562,25.56903937,1764.394953,20954.80368,2775194.138,0.862728233,40,4,Guatemala,Guatemala,Guatemala,GT,2015,-0.3464034,63767597194,2015,3923.573344,Latin America & Caribbean,16252429,2015
Guinea,24425.22095,14429542.54,1.740101107,8277.725129,2669.845947,7869760.585,0.338900727,21,1,Guinea,Guinea,Guinea,GN,2015,-0.8574675,8794202444,2015,769.2560137,Sub-Saharan Africa,11432088,2015
Guyana,23031.68979,19705542.46,27.52306226,1789.554786,91188.33503,2365778.012,0.077699674,24,1,Guyana,Guyana,Guyana,GY,2015,0.184078,3197220339,2015,4166.128516,Latin America & Caribbean,767432,2015
Honduras,2195.061101,9763237.006,16.37377778,707.7503737,60340.88817,1621084.361,0.322428553,36,7,Honduras,Honduras,Honduras,HN,2015,-0.4217525,20979767785,2015,2302.201379,Latin America & Caribbean,9112916,2015
Hong Kong,162440.1801,286958139.6,0,152804.6636,0,262374748.6,0.940682678,0,0,Hong Kong,Hong Kong,"Hong Kong SAR, China",HK,2015,1.0148095,3.09384E+11,2015,42431.88828,East Asia & Pacific,7291300,2015
Iceland,1195035.237,1621464043,53957.02169,249756.2824,98056407.91,365899135.1,0.20899491,68,8,Iceland,Iceland,Iceland,IS,2015,1.376502,17344165907,2015,52428.59576,Europe & Central Asia,330815,2015
India,2110378.96,2407683639,11403.07979,1474323.18,8095853.575,1757826623,0.698605894,95,13,India,India,India,IN,2015,0.4278702,2.10359E+12,2015,1605.605431,South Asia,1310152403,2015
Indonesia,3230537.795,5420785539,5236.527076,1866436.39,13016468.95,2932310043,0.577747888,68,2,Indonesia,Indonesia,Indonesia,ID,2015,0.184858,8.60854E+11,2015,3331.695128,East Asia & Pacific,258383256,2015
Iran,10264.54597,17822415.48,54.43260647,3342.385969,75850.24652,4414734.373,0.325624336,120,6,Iran,Iran,"Iran, Islamic Rep.",IR,2015,-1.513593,3.85874E+11,2015,4916.085938,Middle East & North Africa,78492215,2015
Ireland,210291.4366,415131810.9,54423.34273,25799.48877,97635463.62,55677300.18,0.122684448,162,12,Ireland,Ireland,Ireland,IE,2015,1.334674,2.915E+11,2015,61995.42278,Europe & Central Asia,4701957,2015
Israel,1147.11174,3865009.748,26.85772002,837.6612745,109524.9237,2199311.461,0.730235116,49,3,Israel,Israel,Israel,IL,2015,0.7449204,2.99813E+11,2015,35776.79517,Middle East & North Africa,8380100,2015
Italy,165678.6236,769278952.9,2161.112137,47479.11721,33138847.08,175503174.9,0.286573586,137,11,Italy,Italy,Italy,IT,2015,0.534772,1.8359E+12,2015,30230.2263,Europe & Central Asia,60730582,2015
Japan,2573306.234,5880377064,21191.27832,1097746.11,124762614.9,2843775077,0.426589768,267,21,Japan,Japan,Japan,JP,2015,0.9880549,4.38948E+12,2015,34524.46986,East Asia & Pacific,127141000,2015
Kenya,12.77083335,14154.76785,1.734162209,0.258965024,2777.286021,131.6353777,0.020277849,23,8,Kenya,Kenya,Kenya,KE,2015,-0.1460019,64007750179,2015,1336.883349,Sub-Saharan Africa,47878336,2015
Kiribati,53948.99717,44348219.5,2434.008098,20.80635826,3137848.026,29640.34603,3.86E-04,11,2,Kiribati,Kiribati,Kiribati,KI,2015,0.9789279,171117872.4,2015,1542.57525,East Asia & Pacific,110930,2015
Korea (North),47822.05556,39418217.69,0,20645.75517,0,26350134.4,0.431720363,0,0,Korea D P Rp,Korea North,Korea D P Rp,KP,2017,-2.201837,1.83E+12,2017,685,East Asia & Pacific,25183833,2015
Korea (South),1308317.135,1983634398,8574.051597,329011.7851,21129787.96,627088244.3,0.251477089,339,24,Korea Rep,Korea South,"Korea, Rep.",KR,2015,0.6310143,1.38276E+12,2015,27105.07623,East Asia & Pacific,51014947,2015
Kuwait,878.2430556,3076284.2,0,878.2430556,0,3076284.2,1,0,0,Kuwait,Kuwait,Kuwait,KW,2015,-0.6636638,1.14567E+11,2015,29869.52939,Middle East & North Africa,3835591,2015
Latvia,146808.7348,105535422.5,8614.935875,62065.73686,12661981.43,53835516.92,0.422765968,63,5,Latvia,Latvia,Latvia,LV,2015,0.8465344,27090019663,2015,13698.93795,Europe & Central Asia,1977527,2015
Liberia,1.398188945,1658.252089,0,0,0,0,0,0,0,Liberia,Liberia,Liberia,LR,2015,-0.2297595,3177000000,2015,710.3838577,Sub-Saharan Africa,4472230,2015
Libya,2528.188978,10182715.23,882.5429952,906.9020196,4916645.76,2205920.349,0.358716072,34,6,Libya,Libya,Libya,LY,2015,-1.341634,27842131480,2015,4337.919139,Middle East & North Africa,6418315,2015
Lithuania,106614.321,112014092.7,5803.223103,36923.14191,8447266.237,33836119.62,0.346324411,86,5,Lithuania,Lithuania,Lithuania,LT,2015,0.97391,41392396558,2015,14249.11497,Europe & Central Asia,2904910,2015
Madagascar,9734.825147,24113847.57,23.98157194,4997.411062,44462.31528,3681331.045,0.513353962,13,1,Madagascar,Madagascar,Madagascar,MG,2015,-0.3806107,11323020829,2015,467.2352774,Sub-Saharan Africa,24234088,2015
Madeira Isl. (Portugal),1996.139779,4266348.558,0,0,0,0,0,0,0,NA,Madeira Isl,NA,NA,NA,NA,NA,NA,NA,NA,NA,NA
Malaysia,1025006.611,1602713213,71.65249156,873868.8636,156224.3345,1334281849,0.85254949,142,3,Malaysia,Malaysia,Malaysia,MY,2015,-0.3914767,3.01355E+11,2015,9955.242127,East Asia & Pacific,30270962,2015
Maldives,2153.414384,3571862.116,359.6054891,35.40173446,1024047.713,50289.09609,0.016439815,23,2,Maldives,Maldives,Maldives,MV,2015,-0.5179126,4109424800,2015,9033.390413,South Asia,454915,2015
Malta,1949.436479,9389154.92,195.2503309,556.1833634,1585854.274,691716.7725,0.285304686,116,11,Malta,Malta,Malta,MT,2015,1.202808,10715545899,2015,24077.01082,Middle East & North Africa,445053,2015
Marshall Isl.,55379.19877,41674149.63,3465.362353,40.96098639,4175268.235,60048.80605,7.40E-04,13,3,Marshall Is,Marshall Isl,Marshall Islands,MH,2015,0.678826,184599600,2015,3213.837288,East Asia & Pacific,57439,2015
Mauritania,161494.1834,92220918.36,42331.57772,81714.51313,12051979.63,53157850.49,0.505990441,75,5,Mauritania,Mauritania,Mauritania,MR,2015,-0.8878896,4828858025,2015,1193.400596,Sub-Saharan Africa,4046301,2015
Mauritius,4006.677685,21331743.22,103.4582304,3883.787418,407798.8502,20841139.16,0.969328637,23,2,Mauritius,Mauritius,Mauritius,MU,2015,0.8271061,11692287066,2015,9260.447303,Sub-Saharan Africa,1262605,2015
Mayotte (France),5.302299508,14485.49318,0.64224437,0,2917.179913,0,0,3,1,Mayotte,Mayotte,NA,NA,2015,1.206558,NA,2015,"12,475",Sub-Saharan Africa,232189,2015
Mexico,921565.5646,557733211.7,6726.927428,26389.19504,19842523.02,32273970.18,0.028635179,53,8,Mexico,Mexico,Mexico,MX,2015,-0.0753589,1.17056E+12,2015,9605.952351,Latin America & Caribbean,121858258,2015
Micronesia,23452.7063,38070330.4,1611.205272,106.8894983,4055969.415,156700.0045,0.004557662,12,3,Micronesia,Micronesia,"Micronesia, Fed. Sts.",FM,2015,1.134735,316489947.5,2015,2906.377221,East Asia & Pacific,108895,2015
Montenegro,582.6541879,1275163.242,20.76381034,283.3843705,132590.8957,626423.6991,0.486368032,39,3,Montenegro,Montenegro,Montenegro,ME,2015,0.1440247,4052913386,2015,6514.272695,Europe & Central Asia,622159,2015
Morocco,1167007.497,855569819.4,61069.23314,181398.1233,30872350.39,342581276.4,0.155438696,86,12,Morocco,Morocco,Morocco,MA,2015,-0.6283067,1.0118E+11,2015,2875.257985,Middle East & North Africa,34663603,2015
Mozambique,11217.26797,30925818.94,0.018267312,7619.185425,29.46517385,20881735.88,0.679237177,19,1,Mozambique,Mozambique,Mozambique,MZ,2015,-0.2700378,15950969019,2015,589.8590281,Sub-Saharan Africa,27042002,2015
Myanmar,804398.2629,749325871.1,0,757472.4204,0,704820681.9,0.941663421,0,0,Myanmar,Myanmar,Myanmar,MM,2015,-1.218982,59687410897,2015,1133.002816,East Asia & Pacific,52680726,2015
Namibia,431161.7781,425690241.8,870.3250351,141284.0835,2662281.905,181513174.7,0.327682301,62,7,Namibia,Namibia,Namibia,NA,2015,0.5793682,11650656642,2015,5032.889762,Sub-Saharan Africa,2314904,2015
Nauru,4.729554395,12705.50725,0,0,0,0,0,0,0,NA,Nauru,Nauru,NR,2015,0.0468063,99964019.3,2015,8013.14784,East Asia & Pacific,12475,2015
Netherlands,364615.0933,578895814,67180.79884,24156.86508,45484684.66,32074387.69,0.066253058,157,11,Netherlands,Netherlands,Netherlands,NL,2015,1.561143,7.65265E+11,2015,45175.23189,Europe & Central Asia,16939923,2015
New Caledonia (France),675.3796474,2496531.802,7.789087744,393.7029197,31347.02358,1183671.939,0.582935718,19,4,New Caledonia,New Caledonia,NA,None,2015,1.206558,2.44E+12,2015,31100,East Asia & Pacific,"272,400",2015
New Zealand,166887.455,409676369.4,4085.943517,45256.09642,8330061.072,94752359.57,0.271177342,191,15,New Zealand,New Zealand,New Zealand,NZ,2015,1.554845,1.77208E+11,2015,38559.54704,East Asia & Pacific,4595700,2015
Nicaragua,7437.421883,20586892.18,0.011322428,2496.630596,16.60796892,3265591.216,0.33568495,54,1,Nicaragua,Nicaragua,Nicaragua,NI,2015,-0.4147552,12756706583,2015,2049.84969,Latin America & Caribbean,6223240,2015
Nigeria,104940.193,243616480.6,4566.466843,77066.14721,4266679.666,134294049.2,0.734381603,27,1,Nigeria,Nigeria,Nigeria,NG,2015,-0.3732274,4.94583E+11,2015,2730.430324,Sub-Saharan Africa,181137448,2015
Niue (New Zealand),0.428417701,1639.307603,0.025193506,0.003331112,110.3977607,4.883410438,0.007775384,7,1,NA,Niue,Niue,NU,2003,-0.3573337,10100000,2003,5800,East Asia & Pacific,"1,619",2015
North Marianas (USA),1.183094771,1734.416934,0.44127169,0.077095811,646.9042971,113.0224585,0.065164527,8,1,NA,North Marianas,N Marianas,None,2015,1.109745,NA,2015,"17,020.58",East Asia & Pacific,"54,816",2015
Norway,1992773.653,2960742168,117928.4148,121982.1939,255225212.4,271597717.6,0.061212267,37,8,Norway,Norway,Norway,NO,2015,1.687913,3.85802E+11,2015,74355.51586,Europe & Central Asia,5188607,2015
Oman,6346.322519,10115418.19,0,6162.039449,0,9746190.343,0.970962227,0,0,Oman,Oman,Oman,OM,2015,-0.561453,68921456437,2015,16150.88726,Middle East & North Africa,4267348,2015
Pakistan,149658.8736,243149950,724.325127,111605.6677,702408.559,184378174,0.745733714,71,5,Pakistan,Pakistan,Pakistan,PK,2015,-0.7220663,2.70556E+11,2015,1356.667756,South Asia,199426964,2015
Palau,0.111111111,263.8680556,0,0,0,0,0,0,0,Palau,Palau,Palau,PW,2015,0.700872,280376100,2015,15871.84263,East Asia & Pacific,17665,2015
Panama,87937.94635,68146111.52,641.3153852,1517.286469,598186.1252,2616720.059,0.017254058,71,7,Panama,Panama,Panama,PA,2015,0.5585108,54091700000,2015,13630.30797,Latin America & Caribbean,3968487,2015
Papua New Guinea,167542.2212,180021941.7,5015.298226,367.8779889,8176099.957,711816.312,0.002195733,17,3,Papua N Guin,Papua New Guinea,Papua New Guinea,PG,2015,0.0447438,21723531182,2015,2679.345589,East Asia & Pacific,8107775,2015
Peru,4805980.961,1533944752,275.1241761,27782.33526,550038.2899,52970508.31,0.005780783,49,2,Peru,Peru,Peru,PE,2015,0.2273678,1.89805E+11,2015,6229.101696,Latin America & Caribbean,30470734,2015
Philippines,914723.165,1140912649,15897.59059,490487.7387,35073922.37,571943295,0.536214406,100,3,Philippines,Philippines,Philippines,PH,2015,0.1470694,2.92774E+11,2015,2867.15199,East Asia & Pacific,102113212,2015
Poland,153918.3714,85930859.81,83.62916667,32414.61581,453086.8854,18324145.44,0.210596146,60,3,Poland,Poland,Poland,PL,2015,1.039736,4.77577E+11,2015,12572.30788,Europe & Central Asia,37986412,2015
Portugal,122331.4519,244462426.3,15880.90332,46609.4515,42038063.24,94219056.97,0.38100955,308,39,Portugal,Portugal,Portugal,PT,2015,1.128678,1.99314E+11,2015,19242.36647,Europe & Central Asia,10358076,2015
Réunion (France),671.2510723,3926412.982,182.1295707,57.19210699,855911.2064,264057.0816,0.085202258,29,2,NA,Reunion,NA,NA,NA,NA,NA,NA,NA,NA,NA,NA
Romania,821.1663879,780552.3066,0.143779021,818.0718712,377.056997,774380.8926,0.99623156,15,4,Romania,Romania,Romania,RO,2015,0.4861361,1.77893E+11,2015,8977.437382,Europe & Central Asia,19815616,2015
Russian Federation,3531821.716,2547683438,104081.8345,395270.8872,99415778.54,496769825.2,0.111916999,225,12,Russian Fed,Russia,Russian Federation,RU,2015,-1.087747,1.36359E+12,2015,9313.787542,Europe & Central Asia,144096870,2015
Saint Helena (UK),98.73611111,205051.5764,0,78.66666667,0,125913.2153,0.796736531,0,0,St Helena,St Helena,St Helena,None,2016,1.297749,40717390,2015,"2,923",Sub-Saharan Africa,13930,2015
Saint Lucia,1372.784745,2360297.612,91.17845444,404.1697747,140061.1413,414458.2138,0.294415986,30,6,St Lucia,St Lucia,St. Lucia,LC,2015,1.022667,1659110889,2015,9262.256115,Latin America & Caribbean,179126,2015
Saint Pierre & Miquelon (France),1016.582199,3129676.646,59.51511301,199.284978,390408.8033,272690.8102,0.196034298,33,6,St Pier Mq,St Pier Mq,St Pier Mq,MQ,2017,0.5621245,9610000000,2017,30056,East Asia & Pacific,"378,478",2015
Saint Pierre & Miquelon (France),1016.582199,3129676.646,59.51511301,199.284978,390408.8033,272690.8102,0.196034298,33,6,NA,St Pier Mq,St Pier Mq,MQ,2017,0.5621245,9610000000,2017,30056,East Asia & Pacific,"378,478",2015
Saint Vincent & the Grenadines,82.15033772,215468.538,0.434345424,29.21837559,1349.021613,44275.89006,0.355669574,24,2,St Vincent,St Vincent,St. Vincent and the Grenadines,VC,2015,0.9687719,755400000,2015,6920.878074,Latin America & Caribbean,109148,2015
Saint Vincent & the Grenadines,82.15033772,215468.538,0.434345424,29.21837559,1349.021613,44275.89006,0.355669574,24,2,NA,St Vincent,St Vincent,VC,2015,0.9687039,755458031.4,2015,6921.40975,Latin America & Caribbean,109148,2015
Samoa,96.45193452,165979.7034,0.810651553,1.530300525,1289.109771,2179.239377,0.015865939,10,2,Samoa,Samoa,Samoa,WS,2015,0.7358328,788307314.9,2015,4073.665929,East Asia & Pacific,193513,2015
Sao Tome & Principe,172.5668273,312951.9263,10.65307747,53.14565648,26354.5039,80779.83407,0.307971453,16,2,NA,Sao Tome Prn,Sao Tome Prn,ST,2015,0.280032,318265835.3,2015,1595.861423,Sub-Saharan Africa,199432,2015
Saudi Arabia,9423.486254,23808531.83,31.73880121,2345.240014,127685.9103,5586162.144,0.248871803,92,4,Saudi Arabia,Saudi Arabia,Saudi Arabia,SA,2015,-1.342696,6.5427E+11,2015,20627.93278,Middle East & North Africa,31717667,2015
Senegal,194138.9086,385408113.9,12424.86875,79574.31931,13441205.49,143885408.7,0.409883418,113,16,Senegal,Senegal,Senegal,SN,2015,0.2836294,17767704597,2015,1218.764246,Sub-Saharan Africa,14578459,2015
Seychelles,12177.81442,11057730.04,1087.350269,424.1787708,1273761.001,506888.0781,0.034832094,14,1,Seychelles,Seychelles,Seychelles,SC,2015,0.0801099,1377495054,2015,14745.34146,Sub-Saharan Africa,93419,2015
Sierra Leone,1182.023111,2897874.466,5.186455956,941.2044883,10516.83343,2627520.714,0.796265724,26,3,Sierra Leone,Sierra Leone,Sierra Leone,SL,2015,-0.2704413,4218723875,2015,588.2284527,Sub-Saharan Africa,7171914,2015
Singapore,511.050458,1107921.383,0,458.0126044,0,997582.2189,0.896217971,0,0,Singapore,Singapore,Singapore,SG,2015,0.8381784,3.08004E+11,2015,55646.61875,East Asia & Pacific,5535002,2015
Sint Maarten,324.8244188,488946.037,0,324.8244188,0,488946.037,1,0,0,NA,Sint Maarten,NA,NA,NA,NA,NA,NA,NA,NA,NA,NA
Slovenia,338.6288889,803916.6656,0.163888889,15.73663889,640.4955058,59489.09149,0.046471637,54,2,Slovenia,Slovenia,Slovenia,SI,2015,0.9868262,43090173062,2015,20881.76677,Europe & Central Asia,2063531,2015
Solomon Isl.,22125.61527,32835444.31,765.4335382,98.26552038,1491211.443,144057.2529,0.004441256,8,1,Solomon Is.,Solomon Isl,Solomon Islands,SB,2015,0.2845246,1154650069,2015,1914.46793,East Asia & Pacific,603118,2015
South Africa,544158.8731,428356182.6,790.8504439,132973.269,2277151.268,156583329.7,0.24436479,77,7,South Africa,South Africa,South Africa,ZA,2015,0.650173,3.17621E+11,2015,5734.633629,Sub-Saharan Africa,55386367,2015
South Cyprus,697.4190993,2206850.069,15.97882778,439.7057816,169490.8836,911231.1808,0.630475681,81,5,NA,South Cyprus,NA,NA,NA,NA,NA,NA,NA,NA,NA,NA
Spain,669453.25,1758282724,28598.15233,223000.7612,95779379.71,602345312,0.333108789,410,43,Spain,Spain,Spain,ES,2015,1.044831,1.19512E+12,2015,25732.01836,Europe & Central Asia,46444832,2015
Sri Lanka,79784.79269,128983586.7,2236.047668,64741.31584,1574927.447,79673695.94,0.811449321,52,7,Sri Lanka,Sri Lanka,Sri Lanka,LK,2015,-0.2961408,80604080689,2015,3843.780672,South Asia,20970000,2015
Sudan,3407.029133,3478292.229,0,3407.029133,0,3478292.229,1,0,0,Sudan,Sudan,Sudan,SD,2015,-1.782848,96741742022,2015,2486.745659,Sub-Saharan Africa,38902950,2015
Suriname,11611.57212,11512008.92,0,2219.541459,0,4664677.736,0.191149091,0,0,Suriname,Suriname,Suriname,SR,2015,0.4113952,4787367928,2015,8561.974179,Latin America & Caribbean,559143,2015
Sweden,170857.2178,143735035.2,719.936963,20703.04273,2861910.11,36832067.67,0.121171602,73,5,Sweden,Sweden,Sweden,SE,2015,1.56531,5.03651E+11,2015,51397.19176,Europe & Central Asia,9799186,2015
Syrian Arab Republic,749.5102522,2274054.661,0.906651998,561.1210301,4154.072738,1498757.818,0.74865024,22,3,Syria,Syria,Syrian Arab Republic,SY,2015,-1.922481,40405006007,2007,2032.623489,Middle East & North Africa,17997408,2015
Taiwan,432008.6217,602109462.7,11716.82131,48578.03082,24712796.63,62215485.37,0.112446901,123,15,Taiwan,Taiwan,"Taiwan, China",TW,2015,0.8984895,5.25E+11,2015,22400,NA,23557477,2015
Tanzania,685.8183909,3760075.19,1.097060964,684.0465595,1607.145747,3757615.149,0.997416471,10,2,Tanzania,Tanzania,Tanzania,TZ,2015,-0.2217783,47378599025,2015,947.9334465,Sub-Saharan Africa,51482633,2015
Thailand,1338786.548,1865239613,64.33419468,1052102.233,124783.8802,1492472002,0.785862566,66,1,Thailand,Thailand,Thailand,TH,2015,-0.969105,4.01296E+11,2015,5840.046948,East Asia & Pacific,68714511,2015
Togo,224.70929,303528.551,0.19891475,79.43687064,202.9413809,135308.8344,0.353509508,51,5,Togo,Togo,Togo,TG,2015,-0.7007869,4180866177,2015,570.910279,Sub-Saharan Africa,7323158,2015
Tokelau (New Zealand),2.739406704,5172.873045,0.002262078,0,10.98465235,0,0,3,1,NA,Tokelau,NA,NA,NA,NA,NA,NA,NA,NA,NA,NA
Tonga,190.1085907,237866.3581,0.38764486,184.3524682,578.0657171,229066.8572,0.969721923,15,3,Tonga,Tonga,Tonga,TO,2015,0.1616573,435438217.3,2015,4320.63799,East Asia & Pacific,100781,2015
Trinidad & Tobago,3600.839704,8518025.398,59.8892891,1844.725162,114164.1185,5102284.628,0.512304161,81,8,Trinidad Tob,Trinidad Tobago,Trinidad and Tobago,TT,2015,0.4805337,25062893969,2015,18289.70434,Latin America & Caribbean,1370328,2015
Tristan da Cunha Isl. (UK),374.9444444,7586019.25,0,11.41666667,0,16736.83333,0.030448955,0,0,NA,Tristan da Cunha,NA,NA,NA,NA,NA,NA,NA,NA,NA,NA
Tunisia,73417.23978,113868645.9,12885.64799,32481.29879,8974299.144,34711324.3,0.442420593,61,5,Tunisia,Tunisia,Tunisia,TN,2015,0.2414112,43173480832,2015,3861.688531,Middle East & North Africa,11179949,2015
Turkey,386524.7953,381100530.8,21416.47646,14135.92599,34337743.2,27996457.71,0.036571848,85,8,Turkey,Turkey,Turkey,TR,2015,-0.36772,8.59797E+11,2015,10948.72461,Europe & Central Asia,78529409,2015
Turks & Caicos Isl. (UK),9.613529235,14387.6415,1.219134566,0.027745662,1787.251273,232.508646,0.002886106,6,2,Turks Caicos,Turks Caicos,Turks and Caicos Islands,TC,2015,1.297749,893501650,2015,24832.59637,Latin America & Caribbean,35981,2015
Tuvalu,6866.908418,13380622.89,274.9668598,13.18506447,846961.5503,19329.30452,0.001920087,8,1,Tuvalu,Tuvalu,Tuvalu,TV,2015,0.568598,35492333.86,2015,3197.795645,East Asia & Pacific,11099,2015
Ukraine,189276.5688,110502067.9,11711.92816,99587.18944,16620067.19,54369863.89,0.526146422,227,19,Ukraine,Ukraine,Ukraine,UA,2015,-0.0867992,91030959455,2015,2124.662666,Europe & Central Asia,45154029,2015
United Kingdom,601516.479,1139686669,35377.19972,54800.36101,54390445.6,90436735.3,0.091103674,275,27,UK,UK,United Kingdom,GB,2015,1.297837,2.92859E+12,2015,44974.83188,Europe & Central Asia,65116219,2015
Unknown Fishing Country,692761.9867,1015795915,33342.48835,36577.27941,48880087.93,53206253.59,0.052799201,115,29,Other nei,Unknown,NA,NA,NA,NA,NA,NA,NA,NA,NA,NA
Uruguay,71746.08333,99049547,704.6479162,5496.998623,1853562.466,8067787.493,0.076617404,83,10,Uruguay,Uruguay,Uruguay,UY,2015,1.143404,53274304222,2015,15613.76427,Latin America & Caribbean,3412009,2015
USA,3804181.294,5016795780,13725.12572,281693.8578,96149538.16,616231176.1,0.074048484,271,33,USA,USA,United States,US,2015,1.109821,1.82193E+13,2015,56822.51882,North America,320635163,2015
Vanuatu,9456.653526,10652186.16,305.2148928,615.7161738,498438.0433,871267.1234,0.065109309,28,6,Vanuatu,Vanuatu,Vanuatu,VU,2015,0.5929779,759689950.9,2015,2801.939848,East Asia & Pacific,271130,2015
Venezuela,24503.31201,70104550.44,348.3631026,13931.7915,1549595.519,26466643.12,0.56856769,64,10,Venezuela,Venezuela,"Venezuela, RB",VE,2015,-1.091086,4.82359E+11,2014,16054.49051,Latin America & Caribbean,30081829,2015
Viet Nam,1505380.577,1356475800,189.1751005,1474745.833,260507.847,1324576149,0.979649834,36,1,Viet Nam,Viet Nam,Viet Nam,VN,2015,-1.358793,1.93E+11,2015,2085.101484,East Asia & Pacific,92677076,2015
Wallis & Futuna Isl. (France),0.0365011,53.51061315,0.004125765,0,6.04837166,0,0,4,1,NA,Wallis Futuna Isl,Wallis Fut I,None,2015,1.206558,134165508,2015,10938,East Asia & Pacific,"12,266",2015
Yemen,30304.02205,37422504.64,0,30300.07322,0,37398972.78,0.999869693,0,0,Yemen,Yemen,"Yemen, Rep.",YE,2015,-1.523454,42628328212,2015,1608.744312,Middle East & North Africa,26497889,2015