importer_name,fishing_entity,country_name_short,country_wdi,iso2c,score_wgi_scale,gdp_usd,gdp_percap_usd,region,pop,aggregated,spp_not_th,spp_th,spp_unknown_status,tot_vol,all_spp,ratio
Albania,Albania,Albania,Albania,AL,0.1571487,11386927679,3952.829458,Europe & Central Asia,2880703,2268.959644881467,5987.385700801978,90.23925870728888,424.8157715349111,8771.400375925645,6502.4407310441775,2.865824760573859
Algeria,Algeria,Algeria,Algeria,DZ,-0.8490695,165978000000,4177.867517,Middle East & North Africa,39728025,4376.646671857622,7848.300015612379,328.5577803813111,2809.724445777533,15363.228913628845,10986.582241771222,2.510273975830926
Angola,Angola,Angola,Angola,AO,-1.177251,116194000000,4166.979684,Sub-Saharan Africa,27884381,31476.391732135176,25796.598598406,3281.684989398289,3390.989227743133,63945.664547682594,32469.272815547418,1.0315436753952512
Argentina,Argentina,Argentina,Argentina,AR,0.4117876,594749000000,13789.06042,Latin America & Caribbean,43131966,14574.002834038134,14736.030216436668,294.4433695392889,14525.175432751512,44129.6518527656,29555.64901872747,2.0279705826390493
Australia,Australia,Australia,Australia,AU,1.355591,1351690000000,56755.72171,East Asia & Pacific,23815995,58649.37779247903,48112.64219827676,2170.0600081558223,15294.584381733379,124226.66438064499,65577.28658816597,1.1181241652758906
Bahamas,Bahamas,Bahamas,"Bahamas, The",BS,0.9514745,11752300000,31405.96356,Latin America & Caribbean,374206,663.6903508749778,907.7679748258,63.57451867691112,598.7580513923555,2233.7908957700442,1570.1005448950666,2.3657124784549315
Bangladesh,Bangladesh,Bangladesh,Bangladesh,BD,-0.5120468,195079000000,1248.453398,South Asia,156256276,9822.13548861649,271.6488901801778,0,222.20444559288887,10315.988824389557,493.85333577306665,0.05027962975520194
Barbados,Barbados,Barbados,Barbados,BB,1.096536,4725500000,16561.87352,Latin America & Caribbean,285324,1136.6162236144444,404.3535787382889,34.186222327,674.8927213916445,2250.0487460713775,1113.4325224569334,0.9796028767882736
Belgium,Belgium,Belgium,Belgium,BE,1.38744,462150000000,40991.80814,Europe & Central Asia,11274196,81436.16521942813,105820.36820679848,23968.758100544936,34164.9850355906,245390.27656236215,163954.11134293402,2.013283789839108
Belize,Belize,Belize,Belize,BZ,0.5781333,1723785357,4775.915077,Latin America & Caribbean,360933,3195.0562395265333,364.33731250522226,33.20685080088889,33.096652068733334,3625.6970549013777,430.64081537484446,0.13478348520045455
Benin,Benin,Benin,Benin,BJ,0.2961209,11388160958,1076.797716,Sub-Saharan Africa,10575952,14722.5245240388,11729.002265929134,849.4933378104001,2510.7155508975775,29811.73567867591,15089.21115463711,1.0249065049950903
Bermuda,Bermuda (UK),Bermuda,Bermuda,BM,1.004767,5573710000,85748.06541,North America,65239,166.88814842955557,144.28666674744443,20.10666654322222,222.24740747033331,553.5288891905556,386.64074076099996,2.3167657164355395
Brazil,Brazil,Brazil,Brazil,BR,0.4588516,1802210000000,8814.000987,Latin America & Caribbean,204471769,46202.202251175935,27321.384427286957,968.7755493792222,47908.78241520942,122401.14464305152,76198.9423918756,1.6492491413639527
Brunei Darsm,Brunei Darussalam,Brunei,Brunei Darussalam,BN,-0.2541476,12930394938,31164.56203,East Asia & Pacific,414907,4155.695557282133,380.6748148304222,20.857777481844444,187.36444412875557,4744.592593723155,588.8970364410221,0.14170841639471943
Bulgaria,Bulgaria,Bulgaria,Bulgaria,BG,0.4325731,50201314895,6993.783483,Europe & Central Asia,7177991,7640.199934840422,7325.705712412245,118.46668359913335,695.5579546059555,15779.930285457758,8139.730350617333,1.0653818512653026
Cote d'Ivoire,CÃ´te d'Ivoire,Cote d Ivoire,Cote d'Ivoire,CI,-0.4072846,33131114322,1426.457864,Sub-Saharan Africa,23226143,62059.44210648933,133717.36617449953,3539.4813684496667,5306.6251655772885,204622.9148150158,142563.47270852647,2.2972084161487993
Cambodia,Cambodia,Cambodia,Cambodia,KH,-1.122615,18049954289,1162.90492,East Asia & Pacific,15521436,2052.5222262598445,270.8822249398889,1.775555566422222,165.54666878788888,2490.7266755540445,438.2044492942,0.21349559273358357
Cameroon,Cameroon,Cameroon,Cameroon,CM,-0.9540802,30916218544,1326.969277,Sub-Saharan Africa,23298368,33943.749026432895,48516.71790911222,1916.6000022131777,12202.0000339,96579.06697165829,62635.3179452254,1.8452681198075562
Canada,Canada,Canada,Canada,CA,1.467126,1552900000000,43495.05439,North America,35702908,87418.574380605,107521.238809121,7755.4563328611785,97246.97312439929,299942.2426469865,212523.66826638146,2.431104256414558
Cape Verde,Cape Verde,Cape Verde,Cabo Verde,CV,0.9438726,1596800287,3043.013984,Sub-Saharan Africa,524743,754.1346849095778,1990.2311086845111,32.63111180553334,337.931132897,3114.9280382966226,2360.793353387044,3.1304664811566223
Cayman Is,Cayman Isl. (UK),Cayman Isl,Cayman Islands,KY,0.4691605,4708336733,76280.48625,Latin America & Caribbean,61724,82.92888949182223,74.06000060580001,10.215555619022222,38.98222248875556,206.1866682054,123.25777871357779,1.4863068765165661
Chile,Chile,Chile,Chile,CL,1.004488,243919000000,13574.17183,Latin America & Caribbean,17969353,54640.11046447305,65966.6764200891,1440.6652817404222,14519.026732113134,136566.47889841572,81926.36843394267,1.4993814569099584
China Main,China,China,China,CN,-1.160777,11000000000000,8033.388043,East Asia & Pacific,1371220000,634959.0905304636,410507.9870429849,14248.353341053933,180559.46184620587,1240274.8927607082,605315.8022302447,0.9533146485461701
Colombia,Colombia,Colombia,Colombia,CO,0.0039272,293482000000,6175.87603,Latin America & Caribbean,47520667,13794.689191781667,25041.022344349356,538.8666688919556,25360.522671673487,64735.100876696466,50940.4116849148,3.6927553043574983
Comoros,Comoros,Comoros,Comoros,KM,-0.2911712,965640593,1242.102885,Sub-Saharan Africa,777424,83.10444469675555,48.30888897966667,4.477777635977778,0.7777777685111109,136.6688890809111,53.56444438415556,0.644543677291989
Congo Rep,"Congo, R. of",Congo Rep,"Congo, Rep.",CG,-1.016877,8553154580,1761.32357,Sub-Saharan Africa,4856095,8704.62442326991,1460.826676974711,47.744444141866666,193.8600007776,10407.055545164088,1702.4311218941775,0.1955777801674131
Cook Is.,Cook Islands,Cook Isl,Cook Islands,CK,-0.3573337,309000000,17798,NA,17794,104.12814797628889,24.52296302082222,0.5488888951333334,4.282222265822222,133.48222215806666,29.35407418177778,0.281903354206031
Costa Rica,Costa Rica,Costa Rica,Costa Rica,CR,1.151579,54775994479,11299.13554,Latin America & Caribbean,4847804,7393.414073307999,7117.7357145562,164.52444523404444,3770.535431090133,18446.209664188376,11052.795590880378,1.4949515178358026
Croatia,Croatia,Croatia,Croatia,HR,0.5555071,49530656285,11782.90255,Europe & Central Asia,4203604,10987.386082113266,10046.781740775312,186.99816876917777,1010.9907081274666,22232.15669978522,11244.770617671957,1.0234254565767644
Cuba,Cuba,Cuba,Cuba,CU,-1.058119,87133000000,7694.01192,Latin America & Caribbean,11324781,3856.4280585503107,3154.4546323138443,324.32126953271114,1555.2531736486667,8890.457134045533,5034.029075495222,1.3053605562105544
CuraÃ§ao,Curacao,Curacao,NA,NA,0.3408031,3213148452,NA,NA,NA,334.7155565196889,214.35259244164445,11.377777924222222,49.86000016028889,610.3059270458444,275.5903705261556,0.8233569224917235
Denmark,Denmark,Denmark,Denmark,DK,1.552826,302673000000,53254.856,Europe & Central Asia,5683483,254482.7135768257,315794.06185959297,15939.123910626244,139500.95247079514,725716.8518178401,471234.1382410143,1.851733391308536
Dominica,Dominica,Dominica,Dominica,DM,0.8788872,540737037,7596.435062,Latin America & Caribbean,71183,61.18026720339999,74.75484449666666,2.106666660088889,42.444444404377776,180.48622276453332,119.30595556113333,1.9500724827580207
Dominican Rp,Dominican Republic,Dominican Rep,Dominican Republic,DO,0.1542685,71164826721,6921.517371,Latin America & Caribbean,10281680,5511.311833103956,6980.495217540555,212.80296448666667,3961.207968040022,16665.8179831712,11154.506150067244,2.02392941786875
Ecuador,Ecuador,Ecuador,Ecuador,EC,-0.2117547,99290381000,6124.491643,Latin America & Caribbean,16212020,67004.2114984912,91000.59916696853,2185.763260227578,109998.31007080952,270188.8839964968,203184.67249800562,3.0324164400111018
Egypt,Egypt,Egypt,"Egypt, Arab Rep.",EG,-1.19042,332698000000,3598.970948,Middle East & North Africa,92442547,98378.20998091745,83871.87754248868,1455.3822078893777,24843.324231771596,208548.79396306712,110170.58398214965,1.1198677431061164
El Salvador,El Salvador,El Salvador,El Salvador,SV,0.1523898,23438000000,3705.540002,Latin America & Caribbean,6325124,7105.157094286244,6601.066672304445,736.7733301693556,711.0681489315999,15154.065245691643,8048.908151405401,1.1328262056131164
Eq Guinea,Equatorial Guinea,Eq Guinea,Equatorial Guinea,GQ,-2.000251,13185496836,11283.46561,Sub-Saharan Africa,1168568,1569.22001011,656.1888939981555,7.1799999871999995,122.56000063639999,2355.1489047317555,785.9288946217555,0.500840474604108
Eritrea,Eritrea,Eritrea,Eritrea,ER,-2.106812,2607739837,811.3760286,Sub-Saharan Africa,3213972,21.382518622888888,4.3622222713111105,0.051111111711111115,1.5211851957333333,27.317037201644446,5.934518578755555,0.2775406715840742
Estonia,Estonia,Estonia,Estonia,EE,1.186864,23048864243,17522.23019,Europe & Central Asia,1315407,10948.733747597666,29641.50028291744,722.0510098891556,27152.845348806466,68465.13038921072,57516.39664161306,5.253246445437868
Faeroe Is,Faeroe Isl. (Denmark),Faeroe Isl,NA,None,1.552723,303000000000,50581.97,Europe & Central Asia,NA,5112.2781319013775,20217.768908605998,365.31121872751106,7695.841088567622,33391.19934780251,28278.92121590113,5.531569387713169
Falkland Is,Falkland Isl. (UK),Falkland Isl,NA,None,1.297749,2900000000000,70800,Latin America & Caribbean,NA,6589.357239896045,33430.68670292902,1741.1769572519559,5453.447798711867,47214.66869878889,40625.311458892844,6.165291997362364
Fiji,Fiji,Fiji,Fiji,FJ,0.0277805,4682546863,5390.745237,East Asia & Pacific,868627,18313.33053321902,51546.529955901424,2051.455060763889,3286.4296839702665,75197.74523385461,56884.41470063558,3.106175285672449
Finland,Finland,Finland,Finland,FI,1.543586,234585000000,42811.21299,Europe & Central Asia,5479531,12877.93186350271,31681.36478551107,638.7028968812666,4002.9438537556666,49200.94339965071,36323.011536148,2.8205624879170923
France,France,France,France,FR,1.206641,2438210000000,36638.18493,Europe & Central Asia,66548272,274693.0147399321,252035.8997225231,11081.316379758222,158047.41938429518,695857.6502265085,421164.63548657653,1.5332193135137335
Fr Polynesia,French Polynesia,Fr Polynesia,NA,None,1.206558,NA,NA,East Asia & Pacific,NA,458.78666792291114,495.0022227206667,39.80444454335556,403.2088888736222,1396.8022240605555,938.0155561376445,2.0445571367284305
Gabon,Gabon,Gabon,Gabon,GA,-0.8941539,14377324798,7381.746749,Sub-Saharan Africa,1947686,1845.2179362202887,2874.2017653110665,1342.8163000901557,167.17422177946668,6229.410223400977,4384.192287180689,2.3759753257987453
Gambia,Gambia,Gambia,"Gambia, The",GM,-1.46007,1378176868,660.7235712,Sub-Saharan Africa,2085860,659.0179284265555,217.9613728684889,40.58222190191111,277.7128011456889,1195.2743243426444,536.2563959160889,0.8137204964915491
Georgia,Georgia,Georgia,Georgia,GE,0.274588,14953950557,4014.185944,Europe & Central Asia,3725276,5002.911076769133,3658.6154184078223,107.21777726768889,988.3832967216888,9757.127569166334,4754.2164923971995,0.9502900250362756
Germany,Germany,Germany,Germany,DE,1.421997,3360550000000,41139.54457,Europe & Central Asia,81686611,171778.4500998246,360280.87178747565,36228.87942096858,114538.78019281715,682826.9815010859,511048.5314012614,2.9750444895985426
Ghana,Ghana,Ghana,Ghana,GH,0.4899295,49181854798,1766.005701,Sub-Saharan Africa,27849205,58454.475633328664,97841.75777478224,1707.9911105562887,7049.822204263712,165054.0467229309,106599.57108960224,1.8236340320333477
Greece,Greece,Greece,Greece,GR,0.6515437,196591000000,18167.77372,Europe & Central Asia,10820883,33382.81478937186,36957.391535164934,1948.6199535925555,10637.79225426511,82926.61853239445,49543.803743022596,1.4841110330455396
Greenland,Greenland,Greenland,Greenland,GL,1.273942,2499115623,44536.40131,Europe & Central Asia,56114,170.98151898462223,298.0945852978,11.499999957644444,183.5577108610222,664.1338151010889,493.15229611646663,2.8842432740395756
Grenada,Grenada,Grenada,Grenada,GD,0.8060584,997007925.9,9096.870646,Latin America & Caribbean,109599,69.85999991468888,81.25111111577777,4.048888939511111,43.85777804542222,199.01777801539998,129.1577781007111,1.8488087354485405
Guatemala,Guatemala,Guatemala,Guatemala,GT,-0.3464034,63767597194,3923.573344,Latin America & Caribbean,16252429,5176.621486898156,7909.759555292378,33.635555103955554,974.2311114041778,14094.247708698667,8917.626221800512,1.7226730299618593
Guinea,Guinea,Guinea,Guinea,GN,-0.8574675,8794202444,769.2560137,Sub-Saharan Africa,11432088,686.4222186438889,503.7355535510667,2.757777779533333,30.48444454771111,1223.3999945222001,536.977775878311,0.7822849571203805
Guyana,Guyana,Guyana,Guyana,GY,0.184078,3197220339,4166.128516,Latin America & Caribbean,767432,330.57674156913333,187.32962974482223,16.626666575222224,93.51999996231112,628.0530378514889,297.4762962823555,0.8998706166390852
Honduras,Honduras,Honduras,Honduras,HN,-0.4217525,20979767785,2302.201379,Latin America & Caribbean,9112916,2508.817542282067,2783.8403894564885,90.0622222514,922.6480655822445,6305.368219572199,3796.550677290133,1.5132828965460439
Hong Kong,Hong Kong,Hong Kong,"Hong Kong SAR, China",HK,1.0148095,309384000000,42431.88828,East Asia & Pacific,7291300,168463.17356471298,102017.03051121376,4017.2510210422,24503.105876269736,299000.56097323867,130537.3874085257,0.7748719476567466
Iceland,Iceland,Iceland,Iceland,IS,1.376502,17344165907,52428.59576,Europe & Central Asia,330815,20499.749158017225,24993.815059883997,1009.994911907089,10879.747268164288,57383.3063979726,36883.55723995537,1.7992199297487803
India,India,India,India,IN,0.4278702,2103590000000,1605.605431,South Asia,1310152403,10415.953340444756,624.119999563,51.42666706144445,249.95555592993333,11341.455562999134,925.5022225543778,0.08885429804689
Indonesia,Indonesia,Indonesia,Indonesia,ID,0.184858,860854000000,3331.695128,East Asia & Pacific,258383256,76859.63328945907,34174.330964394,236.7666670942,9444.506700636133,120715.23762158341,43855.604332124334,0.5705934631116555
Iran,Iran,Iran,"Iran, Islamic Rep.",IR,-1.513593,385874000000,4916.085938,Middle East & North Africa,78492215,22085.191145748176,4925.3378126250445,160.5399988847778,3475.8844319976224,30646.953389255625,8561.762243507445,0.3876698275783657
Ireland,Ireland,Ireland,Ireland,IE,1.334674,291500000000,61995.42278,Europe & Central Asia,4701957,11580.940677999179,23281.850845139623,790.2313930265777,7512.929168445578,43165.952084610966,31585.01140661178,2.7273269317936504
Israel,Israel,Israel,Israel,IL,0.7449204,299813000000,35776.79517,Middle East & North Africa,8380100,19405.918876402422,9585.895366114066,198.29422330826665,2250.922222083089,31441.03068790784,12035.111811505421,0.6201773741381608
Italy,Italy,Italy,Italy,IT,0.534772,1835900000000,30230.2263,Europe & Central Asia,60730582,221126.94240941334,243175.38159522798,10822.608916474534,61296.17378687635,536421.1067079921,315294.16429857886,1.4258514175754136
Japan,Japan,Japan,Japan,JP,0.9880549,4389480000000,34524.46986,East Asia & Pacific,127141000,820665.5554304537,194314.0333335138,3131.393344200378,77792.82911767837,1095903.8112258462,275238.25579539256,0.33538419393150376
Kenya,Kenya,Kenya,Kenya,KE,-0.1460019,64007750179,1336.883349,Sub-Saharan Africa,47878336,4841.725381388956,5007.459254275044,575.4222218652,369.8616138763556,10794.468471405555,5952.7430900166,1.2294673119830941
Kiribati,Kiribati,Kiribati,Kiribati,KI,0.9789279,171117872.4,1542.57525,East Asia & Pacific,110930,108.31777806735556,86.10222181995556,0.16666667075555558,1.6577777612444444,196.2444443193111,87.92666625195557,0.8117473218226455
Korea D P Rp,Korea (North),Korea North,Korea D P Rp,KP,-2.201837,1830000000000,685,East Asia & Pacific,25183833,12978.015566758313,1906.404437891889,17.57777739248889,3443.839217860711,18345.836999903404,5367.821433145089,0.4136087990905284
Korea Rep,Korea (South),Korea South,"Korea, Rep.",KR,0.6310143,1382760000000,27105.07623,East Asia & Pacific,51014947,400793.4320880437,84287.72158499075,1909.117069417689,66398.56333622288,553388.834078675,152595.40199063133,0.3807332899534895
Kuwait,Kuwait,Kuwait,Kuwait,KW,-0.6636638,114567000000,29869.52939,Middle East & North Africa,3835591,6952.296885778065,981.8221700024445,89.90242199271111,1117.4064413874667,9141.427919160687,2189.1310333826223,0.31487881909370247
Latvia,Latvia,Latvia,Latvia,LV,0.8465344,27090019663,13698.93795,Europe & Central Asia,1977527,12358.862050398511,40305.09623012707,906.9248362189334,21596.225796892024,75167.10891363653,62808.246863238026,5.082041259713938
Liberia,Liberia,Liberia,Liberia,LR,-0.2297595,3177000000,710.3838577,Sub-Saharan Africa,4472230,1590.8822239392,1757.2244422867332,66.62222240053333,817.6266680571556,4232.355556683622,2641.473332744422,1.6603827065235806
Libya,Libya,Libya,Libya,LY,-1.341634,27842131480,4337.919139,Middle East & North Africa,6418315,7020.631142056155,16328.095532604977,26.66444484237778,545.306663588289,23920.6977830918,16900.066641035646,2.4072004780023337
Lithuania,Lithuania,Lithuania,Lithuania,LT,0.97391,41392396558,14249.11497,Europe & Central Asia,2904910,26913.03463849827,88235.76951438273,616.8474295265555,7545.059336044289,123310.71091845185,96397.67627995358,3.5818211351781066
Madagascar,Madagascar,Madagascar,Madagascar,MG,-0.3806107,11323020829,467.2352774,Sub-Saharan Africa,24234088,5067.1609459922665,5575.483808306089,149.1983702544889,408.91155685311105,11200.754681405955,6133.593735413689,1.2104596243908314
Malaysia,Malaysia,Malaysia,Malaysia,MY,-0.3914767,301355000000,9955.242127,East Asia & Pacific,30270962,196545.4737816998,23864.376240348774,427.7094855505334,16736.161188206934,237573.72069580603,41028.24691410624,0.20874684175976352
Maldives,Maldives,Maldives,Maldives,MV,-0.5179126,4109424800,9033.390413,South Asia,454915,1197.3568130544888,123.81333383879999,9.633333274511111,164.45914816257778,1495.2626283303778,297.90581527588887,0.24880287315184124
Malta,Malta,Malta,Malta,MT,1.202808,10715545899,24077.01082,Middle East & North Africa,445053,3860.5623583680217,7026.677177840889,118.95825384328889,474.20355711704445,11480.401347169245,7619.8389888012225,1.9737639963993128
Marshall Is,Marshall Isl.,Marshall Isl,Marshall Islands,MH,0.678826,184599600,3213.837288,East Asia & Pacific,57439,1042.2801742897777,166.07348375984444,1.7288888917333332,60.45315629397778,1270.5357032353334,228.25552894555554,0.21899632610885225
Mauritania,Mauritania,Mauritania,Mauritania,MR,-0.8878896,4828858025,1193.400596,Sub-Saharan Africa,4046301,1615.0997703795333,1049.9997720032666,4.704444428822223,49.23325943251111,2719.0372462441333,1103.9374758646,0.6835103911909943
Mauritius,Mauritius,Mauritius,Mauritius,MU,0.8271061,11692287066,9260.447303,Sub-Saharan Africa,1262605,61176.7105632262,83408.33698040042,7725.609130169489,9655.026346444532,161965.68302024066,100788.97245701443,1.6475055871604751
Mayotte,Mayotte (France),Mayotte,NA,NA,1.206558,NA,NA,"12,475",NA,202.57777871702226,194.9377764250222,1.464444423711111,21.426666830711113,420.4066663964667,217.82888767944442,1.0752852018568444
Mexico,Mexico,Mexico,Mexico,MX,-0.0753589,1170560000000,9605.952351,Latin America & Caribbean,121858258,49391.00441151352,26492.335548267445,1059.7622222987777,16600.666681001177,93543.76886308093,44152.7644515674,0.8939434412731838
Micronesia,Micronesia,Micronesia,"Micronesia, Fed. Sts.",FM,1.134735,316489947.5,2906.377221,East Asia & Pacific,108895,779.6095392161334,456.11851872637783,42.97999993253333,207.2360902618,1485.9441481368444,706.3346089207112,0.9060107315142689
Montenegro,Montenegro,Montenegro,Montenegro,ME,0.1440247,4052913386,6514.272695,Europe & Central Asia,622159,762.6133327972221,217.48444489848887,0.23111111075555554,15.19777776482222,995.5266665712888,232.91333377406667,0.3054147151083156
Morocco,Morocco,Morocco,Morocco,MA,-0.6283067,101180000000,2875.257985,Middle East & North Africa,34663603,25920.52353721287,9126.250033218555,205.53754855746666,3487.0956838951774,38739.40680288407,12818.883265671198,0.49454569261565007
Mozambique,Mozambique,Mozambique,Mozambique,MZ,-0.2700378,15950969019,589.8590281,Sub-Saharan Africa,27042002,19017.31979630671,811.2244437724222,152.44222422831112,128.9669774214,20109.953441728845,1092.6336454221332,0.05745466012694018
Myanmar,Myanmar,Myanmar,Myanmar,MM,-1.218982,59687410897,1133.002816,East Asia & Pacific,52680726,14010.533124050377,670.7499645449777,0.7629629776222223,157.64636959866667,14839.692421171641,829.1592971212666,0.05918113820365179
Afghanistan,NA,Afghanistan,Afghanistan,AF,-1.117563,19907111419,578.4663529,South Asia,34413603,0.5244444436444444,0.11555555395555557,0,0,0.6399999976,0.11555555395555557,0.22033898033611035
Andorra,NA,Andorra,Andorra,AD,1.194477,2811489409,36039.6535,Europe & Central Asia,78011,534.4668671356444,364.5057268110222,18.946666768844445,116.01555569826667,1033.9348164137778,499.46794927813335,0.9345162066919509
Antigua Barb,NA,Antigua Barbados,Antigua and Barbuda,AG,0.5949929,1336692593,14286.09316,Latin America & Caribbean,93566,237.65933333100003,105.44103676984444,8.120000128022221,355.00903736575555,706.2294075946222,468.57007426362225,1.9716039243913106
Armenia,NA,Armenia,Armenia,AM,-0.5362934,10553337673,3607.296697,Europe & Central Asia,2925553,688.5594090831555,1843.3739856969332,104.49128858311111,480.2565711488889,3116.681254512089,2428.1218454289333,3.5263795881637505
Aruba,NA,Aruba,Aruba,AW,1.273942,2691620112,25796.38025,Latin America & Caribbean,104341,416.3066665260889,273.0822233324667,38.68666630457778,16.499999987733332,744.5755561508666,328.2688896247778,0.7885266223672303
Austria,NA,Austria,Austria,AT,1.383533,381818000000,44178.04738,Europe & Central Asia,8642699,16668.982499800888,17347.71296651993,497.98286104964444,4539.883936005823,39054.56226337628,22385.5797635754,1.3429481831805148
Azerbaijan,NA,Azerbaijan,Azerbaijan,AZ,-1.552387,53074468085,5500.320497,Europe & Central Asia,9649341,1812.8340277294,2225.6186789414223,79.16666625386667,434.7741123500445,4552.393485274733,2739.5594575453338,1.5112025787471952
Bahrain,NA,Bahrain,Bahrain,BH,-0.813066,31125877660,22688.96379,Middle East & North Africa,1371851,8640.762409389445,622.4082230695111,5.481481574355556,987.0680906248667,10255.720204658179,1614.9577952687334,0.1868999190990192
Belarus,NA,Belarus,Belarus,BY,-0.965078,56454734397,5949.106307,Europe & Central Asia,9489616,18050.60190729362,66555.46470160683,2947.0961878636663,14040.556224443557,101593.71902120767,83543.11711391405,4.628273203463491
Bhutan,NA,Bhutan,Bhutan,BT,0.4651817,2003598213,2752.664208,South Asia,727876,387.5733331152444,19.74666663771111,0.7822222391111111,12.817777701644445,420.919999693711,33.346666578466674,0.08603963103042254
Bolivia,NA,Bolivia,Bolivia,BO,-0.0046696,33000198263,3035.972215,Latin America & Caribbean,10869730,3795.723710531422,3221.5629605493114,0,193.06666395833332,7210.353335039067,3414.6296245076446,0.8995990975406315
Bosnia Herzg,NA,Bosnia Herzg,Bosnia and Herzegovina,BA,-0.0981009,16211540686,4727.277381,Europe & Central Asia,3429361,1200.7020616666223,2553.3446840668444,156.65025266108887,620.655452062289,4531.352450456845,3330.650388790222,2.773919105433322
Botswana,NA,Botswana,Botswana,BW,0.4403414,14420604206,6799.875234,Sub-Saharan Africa,2120716,667.7917197110223,109.10283724226667,16.066548252088886,115.01442962997777,907.9755348353556,240.18381512433334,0.3596687530481354
Burkina Faso,NA,Burkina Faso,Burkina Faso,BF,-0.11434419999999999,10419303761,575.3144542,Sub-Saharan Africa,18110624,9458.279757317467,6299.134241508466,411.83777892300003,470.77777660835557,16640.02955435729,7181.749797039822,0.7593082443436513
Burundi,NA,Burundi,Burundi,BI,-1.272207,3104394858,305.5497728,Sub-Saharan Africa,10160030,103.45882269622221,93.4149260031111,2.531111123866667,32.27410374722222,231.6789635704222,128.2201408742,1.2393350081962797
Cent Afr Rep,NA,Cent Afr Rep,Central African Republic,CF,-1.225526,1695143880,377.2712538,Sub-Saharan Africa,4493170,557.5777790457778,342.57777987888886,28.47777778708889,78.91333339402223,1007.5466701057778,449.96889106,0.8070064984118691
Chad,NA,Chad,Chad,TD,-1.335183,10945989472,775.7075235,Sub-Saharan Africa,14110975,200.4813200842889,44.807000136044444,5.092592708733333,25.037259372777775,275.41817230184444,74.93685221755555,0.37378471064560853
Congo Dem Rep,NA,Congo Dem Rep,"Congo, Dem. Rep.",CD,-1.303908,37917704900,497.3169608,Sub-Saharan Africa,76244544,20884.93656032222,17331.730051766066,199.34444566686668,4764.011084020489,43180.02214177564,22295.085581453422,1.0675199092445529
Cyprus,NA,Cyprus,Cyprus,CY,1.031584,19779150116,23333.71491,Europe & Central Asia,1160985,2831.211385779378,2090.4231658314447,168.74297063997776,1769.384439574711,6859.761961825512,4028.5505760461333,1.422907027105343
Djibouti,NA,Djibouti,Djibouti,DJ,-1.412145,2445484583,2675.605374,Middle East & North Africa,913993,159.88711184935556,58.21111117395556,0.5200000053333333,20.40666701751111,239.02489004615558,79.1377781968,0.4949603334592911
Ethiopia,NA,Ethiopia,Ethiopia,ET,-1.298357,64589334979,640.5418913,Sub-Saharan Africa,100835458,157.69686617546668,54.95395539771111,2.3022222367999996,33.58533329595556,248.53837710593334,90.84151093046667,0.5760514659142867
GuineaBissau,NA,Guinea Bissau,Guinea-Bissau,GW,-0.7496253,1047808175,603.1585129,Sub-Saharan Africa,1737202,2039.2746002157555,201.96203041126665,40.310459457844445,96.77670640264445,2378.323796487511,339.04919627175553,0.16625970638573348
Haiti,NA,Haiti,Haiti,HT,-0.7986993,8724656126,815.7282844,Latin America & Caribbean,10695542,832.1333326387777,3525.2888792724666,253.70888972533334,2159.0437067798,6770.174808416377,5938.0414757776,7.1359255096145215
Hungary,NA,Hungary,Hungary,HU,0.5599743,124530000000,12651.56834,Europe & Central Asia,9843028,2989.5179134171112,6523.460616382889,297.3138284827555,1054.9413934025556,10865.233751685313,7875.7158382682,2.6344434341475527
Iraq,NA,Iraq,Iraq,IQ,-1.127941,177499000000,4989.803075,Middle East & North Africa,35572261,2021.9600020697553,1802.8177687765333,110.94000117408889,106.36666759486667,4042.0844396152443,2020.1244375454887,0.9990921855415599
Jamaica,NA,Jamaica,Jamaica,JM,0.6087705,14187696311,4907.50372,Latin America & Caribbean,2891021,7390.647792100178,2712.5888266556667,92.85333356313333,3864.820636242978,14060.910588561954,6670.262796461778,0.9025274893483064
Jordan,NA,Jordan,Jordan,JO,-0.2693849,38043450704,4105.448961,Middle East & North Africa,9266575,15049.105378075088,1337.2625420950667,133.6333346392222,1844.6134981700445,18364.614752979425,3315.5093749043335,0.22031272235854435
Kazakhstan,NA,Kazakhstan,Kazakhstan,KZ,-1.163788,184388000000,10510.77189,Europe & Central Asia,17542806,15746.798642283267,22682.711747598467,216.5072886681111,1453.7375998457333,40099.755278395576,24352.95663611231,1.5465338186721844
Lebanon,NA,Lebanon,Lebanon,LB,-0.4625494,49973893201,7649.832611,Middle East & North Africa,6532678,9435.553344242644,4029.055554718911,274.77555529315555,1180.5977737492444,14919.982228003955,5484.428883761311,0.5812514310152019
Lesotho,NA,Lesotho,Lesotho,LS,0.1146922,2289799040,1112.081441,Sub-Saharan Africa,2059021,428.79021532222225,190.46235639266666,5.731851915711112,25.706889280711113,650.6913129113112,221.9010975890889,0.5175050401332905
Luxembourg,NA,Luxembourg,Luxembourg,LU,1.54681,57744457955,101376.4966,Europe & Central Asia,569604,1788.2244063008886,3196.383159314578,190.62003880726664,1765.8750232484444,6941.102627671177,5152.878221370289,2.881561286835082
Macau,NA,Macau,"Macao SAR, China",MO,-0.0673604,45361678147,75340.98698,East Asia & Pacific,602085,8010.281001278245,548.4268873325556,37.033333440688885,395.1177786977333,8990.859000749224,980.5779994709778,0.12241493142556442
Malawi,NA,Malawi,Malawi,MW,-0.0040295,6373212641,380.5970331,Sub-Saharan Africa,16745303,102.13208147975556,65.0724077105111,3.1933333992444446,22.484444419666666,192.88226700917775,90.7501855294222,0.8885570940548249
Mali,NA,Mali,Mali,ML,-0.1979358,13099497220,751.1705935,Sub-Saharan Africa,17438778,8443.72637989789,2453.8008339478447,98.70992717102222,889.4133850959112,11885.650526112668,3441.924146214778,0.4076309429458799
Mongolia,NA,Mongolia,Mongolia,MN,0.2702581,11749620620,3918.579174,East Asia & Pacific,2998439,350.63515607584446,238.8186223782,5.0718518821777785,72.77703724444444,667.3026675806666,316.66751150482224,0.9031253883632969
Palestine,NA,Palestine,NA,Palestine,-0.9857861,12673000000,NA,2967.851747,NA,312.19450398146665,15.168888907733335,0,8.89896303011111,336.2623559193111,24.067851937844445,0.07709249083793361
Nepal,NA,Nepal,Nepal,NP,-0.4154408,21410840909,792.5528906,South Asia,27015031,1255.131272365111,546.3671922208,43.38302257706667,419.34806451873334,2264.229551681711,1009.0982793165999,0.8039782782362693
Niger,NA,Niger,Niger,NE,-0.204606,7217667781,360.8533841,Sub-Saharan Africa,20001663,1391.792203836,1060.8912898301999,32.3408142034,86.93397116993333,2571.9582790395334,1180.1660752035332,0.8479470368858285
Paraguay,NA,Paraguay,Paraguay,PY,-0.0699358,36164068797,5406.703857,Latin America & Caribbean,6688746,497.1948153880889,418.58000047671106,9.842222235200001,77.704444565,1003.321482665,506.12666727691106,1.0179644912062293
Qatar,NA,Qatar,Qatar,QA,-0.14477,161740000000,63039.01655,Middle East & North Africa,2565710,8259.0804993982,3099.4886272923777,53.62148107464444,507.2411836549111,11919.431791420133,3660.351292021933,0.4431911388063896
Rwanda,NA,Rwanda,Rwanda,RW,-0.635211,8277614581,728.0818794,Sub-Saharan Africa,11369071,265.45432134055557,267.697401075,10.899726027777778,110.14179287506666,654.1932413184,388.73891997784443,1.4644286746386213
Sao Tome Prn,NA,Sao Tome Prn,Sao Tome and Principe,ST,0.2800586,318265835.3,1595.861423,Sub-Saharan Africa,199432,6.155555599911112,7.271111164777778,1.2177777946666666,0.6600000206222223,15.304444579977778,9.148888980066667,1.4862815925501154
Serbia,NA,Serbia,Serbia,RS,0.2310588,39628550869,5585.117938,Europe & Central Asia,7095383,3699.297662228156,9345.418628420755,819.1451192086223,1438.4528101498888,15302.314220007422,11603.016557779267,3.1365458033432634
Somalia,NA,Somalia,Somalia,SO,-2.001481,4048860871,293.4552357,Sub-Saharan Africa,13797201,813.8614792510222,254.38963015424443,6.3133334178444445,156.68592909186665,1231.2503719149777,417.3888926639555,0.5128500405843864
St Kitts Nev,NA,St Kitts Nev,St. Kitts and Nevis,KN,0.8474529,923155555.6,18029.32554,Latin America & Caribbean,51203,174.31504480922223,82.3551409614889,13.040000121977778,118.35013324873333,388.06031914142216,213.7452743322,1.226200954519628
Switzerland,NA,Switzerland,Switzerland,CH,1.558501,679832000000,82081.60921,Europe & Central Asia,8282396,15181.683852637621,20192.977054014602,837.9740420136889,2039.2607402751112,38251.89568894102,23070.211836303402,1.5196082371518527
Tajikistan,NA,Tajikistan,Tajikistan,TJ,-1.569086,7854602392,929.0958572,Europe & Central Asia,8454028,214.5222225958,46.83111145313334,5.3688889628,98.93111077353333,365.6533337852667,151.13111118946665,0.7045009573400978
Timor Leste,NA,Timor Leste,Timor-Leste,TL,0.1861515,1596658767,1334.661956,East Asia & Pacific,1196302,329.15333438242226,230.6711102191778,9.96666685551111,67.12666636804444,636.9177778251556,307.76444344273335,0.9350184588595463
Turkmenistan,NA,Turkmenistan,Turkmenistan,TM,-2.237535,35799714286,6432.680702,Europe & Central Asia,5565287,201.173867701,201.61711153391113,9.9517037178,36.65394083166667,449.39662378437777,248.2227560833778,1.2338717693309225
Uganda,NA,Uganda,Uganda,UG,-0.5670033,27102650387,709.0210386,Sub-Saharan Africa,38225453,1417.0145662728,513.1549927120222,41.06431847213333,178.96891047453335,2150.202787931489,733.1882216586889,0.5174175616184438
Untd Arab Em,NA,UAE,United Arab Emirates,AE,-0.112425,358135000000,38663.38381,Middle East & North Africa,9262900,71525.27771598562,40602.765491642356,1528.8432610352222,7654.652814232444,121311.53928289564,49786.26156691003,0.69606526750728
Uzbekistan,NA,Uzbekistan,Uzbekistan,UZ,-1.956139,81847410182,2615.025134,Europe & Central Asia,31298900,634.0357579079555,651.2525398288444,35.97333341688889,305.5705181318889,1626.8321492855775,992.7963913776222,1.5658365935912226
Zambia,NA,Zambia,Zambia,ZM,-0.0665448,21243350633,1337.796315,Sub-Saharan Africa,15879361,7894.5974104113775,5461.266529074355,112.01066923815557,991.2073582373778,14459.081966961267,6564.484556549889,0.8315160628574501
Zimbabwe,NA,Zimbabwe,Zimbabwe,ZW,-1.165904,19963120600,1445.071062,Sub-Saharan Africa,13814629,4636.4285281069115,2370.2564965593333,37.91668192491111,249.76390561079998,7294.3656122019565,2657.9370840950446,0.5732725238795604
NethAntilles,NA,Neth Antilles,Netherlands Antilles,AN,0.3408031,7200000000,21115,NA,24570,236.89926093202223,60.791111442288894,4.7377778642,12.664444436266667,315.09259467477773,78.19333374275556,0.33006997757242046
Moldova Rep,NA,Moldova Rep,Moldova Rep,MD,0.0285816,7745231660,2179.233625,Europe & Central Asia,3554108,5245.574017493777,4191.445768296333,98.02151149288889,802.3044435664667,10337.345740849467,5091.771723355689,0.9706796065358788
Laos,NA,Laos,Lao PDR,LA,-1.753419,14390391264,2134.704224,East Asia & Pacific,6741164,1606.0962837678003,253.29582250842222,5.455555536644444,285.7822208174667,2150.6298826303337,544.5335988625333,0.339041690318274
Czech Rep,NA,Czech Rep,Czech Republic,CZ,1.042688,187000000000,17715.61685,Europe & Central Asia,10546059,14043.741597384844,16937.53262072751,423.9042397737778,3397.891345640844,34803.069803526974,20759.328206142134,1.4781906988382523
Kyrgyzstan,NA,Kyrgyzstan,Kyrgyzstan,KG,-0.4041462,6678178340,1121.082835,Europe & Central Asia,5956900,1189.0410092571778,1601.2940271052887,21.4474072354,321.16000006371115,3132.942443661578,1943.9014344043999,1.6348480996620978
Macedonia,NA,Macedonia,Macedonia,MK,-0.1819001,10064515432,4840.273123,Europe & Central Asia,2079328,1546.7098682947558,602.2764306191111,41.637333334311116,314.34382248031113,2504.9674547284894,958.2575864337334,0.6195457894700125
Slovakia,NA,Slovakia,Slovakia,SK,0.9653662,87769595120,16182.30372,Europe & Central Asia,5423801,3435.816014189111,6993.7579409352,451.5335468733111,1145.8841643608444,12026.991666358468,8591.175652169357,2.5004760489763784
Montserrat,NA,Montserrat,NA,NA,NA,NA,NA,NA,NA,4.391111176311111,3.451111160111111,0.33777778273333336,1.5533333576,9.733333476755556,5.342222300444444,1.2165991900328845
Swaziland,NA,Swaziland,NA,NA,NA,NA,NA,NA,NA,286.34623740897774,56.912178174311116,3.888651905577778,68.24726659435555,415.3943340832222,129.04809667424445,0.4506715291318105
Namibia,Namibia,Namibia,Namibia,NA,0.5793682,11650656642,5032.889762,Sub-Saharan Africa,2314904,103713.9395445618,96242.04076107431,2390.0662586250887,15684.353158156799,218030.39972241802,114316.46017785619,1.1022285015867024
Netherlands,Netherlands,Netherlands,Netherlands,NL,1.561143,765265000000,45175.23189,Europe & Central Asia,16939923,280483.2570691493,425556.3095816831,15556.237964780688,79570.281171403,801166.085787016,520682.8287178668,1.8563775754696816
New Caledonia,New Caledonia (France),New Caledonia,NA,None,1.206558,2440000000000,31100,East Asia & Pacific,NA,546.9420311645556,651.9031603340444,66.75054066177778,337.43982213695557,1603.0355542973332,1056.0935231327776,1.930905768723114
New Zealand,New Zealand,New Zealand,New Zealand,NZ,1.554845,177208000000,38559.54704,East Asia & Pacific,4595700,63059.701491794134,21978.83685868671,14050.881112922756,2846.2518902508446,101935.67135365444,38875.969861860314,0.6164946700059972
Nicaragua,Nicaragua,Nicaragua,Nicaragua,NI,-0.4147552,12756706583,2049.84969,Latin America & Caribbean,6223240,2813.389302291511,4734.470423857221,29.479999904222222,241.61297369091108,7818.952699743866,5005.563397452355,1.7791933001861189
Nigeria,Nigeria,Nigeria,Nigeria,NG,-0.3732274,494583000000,2730.430324,Sub-Saharan Africa,181137448,284345.709755787,233451.99123618886,29390.511806843842,73261.98410127162,620450.1969000913,336104.4871443043,1.182027636122841
Norway,Norway,Norway,Norway,NO,1.687913,385802000000,74355.51586,Europe & Central Asia,5188607,236748.78366380796,161552.2327903894,2255.9807014880444,49418.49116426934,449975.4883199547,213226.70465614676,0.9006454071541782
Oman,Oman,Oman,Oman,OM,-0.561453,68921456437,16150.88726,Middle East & North Africa,4267348,36354.26966306122,3185.9070547369556,10.40592600977778,1312.7600907794888,40863.342734587444,4509.073071526222,0.12403145801902307
Pakistan,Pakistan,Pakistan,Pakistan,PK,-0.7220663,270556000000,1356.667756,South Asia,199426964,1251.7959987730444,18.845903641733333,0.2288888954888889,13.155555379622223,1284.0263466898887,32.230347916844444,0.025747284660148473
Palau,Palau,Palau,Palau,PW,0.700872,280376100,15871.84263,East Asia & Pacific,17665,137.21703781582224,89.02740794337778,8.391111005444445,13.175555674977778,247.81111243962224,110.5940746238,0.8059791727339534
Panama,Panama,Panama,Panama,PA,0.5585108,54091700000,13630.30797,Latin America & Caribbean,3968487,21942.0082228274,10873.519688845823,454.0010009186444,8012.793705037955,41282.32261762983,19340.314394802423,0.8814286367225812
Papua N Guin,Papua New Guinea,Papua New Guinea,Papua New Guinea,PG,0.0447438,21723531182,2679.345589,East Asia & Pacific,8107775,4725.760178751067,7262.710062192155,64.47333309442223,138.7533329906,12191.696907028243,7465.936728277177,1.5798382579478016
Peru,Peru,Peru,Peru,PE,0.2273678,189805000000,6229.101696,Latin America & Caribbean,30470734,31687.328161367444,38819.554965975665,2480.8447137884,8059.252786529645,81046.98062766116,49359.65246629371,1.557709511351986
Philippines,Philippines,Philippines,Philippines,PH,0.1470694,292774000000,2867.15199,East Asia & Pacific,102113212,98970.91986140181,57931.73788435019,819.3333372357333,16709.33160752729,174431.32269051502,75460.40282911321,0.7624502524053272
Poland,Poland,Poland,Poland,PL,1.039736,477577000000,12572.30788,Europe & Central Asia,37986412,129304.2299005193,147069.50446740116,2714.871063635667,26991.2162513292,306079.8216828853,176775.591782366,1.3671292263089072
Portugal,Portugal,Portugal,Portugal,PT,1.128678,199314000000,19242.36647,Europe & Central Asia,10358076,95874.51586462201,126147.53176658065,6214.145802420156,41470.18912454678,269706.3825581696,173831.86669354758,1.8131185865804416
Reunion,RÃ©union (France),Reunion,Reunion,RE,1.226089,22300000,27793,NA,863363,1.0666666984000002,0,0,0,1.0666666984000002,0,0
Romania,Romania,Romania,Romania,RO,0.4861361,177893000000,8977.437382,Europe & Central Asia,19815616,8377.570876094045,23386.63455515393,527.2662639134667,5661.6340410910225,37953.10573625246,29575.53486015842,3.530323443106184
Russian Fed,Russian Federation,Russia,Russian Federation,RU,-1.087747,1363590000000,9313.787542,Europe & Central Asia,144096870,306381.918916404,155622.9652977563,1281.9460511555112,68005.29710263967,531292.1273679555,224910.2084515515,0.7340844696286337
St Helena,Saint Helena (UK),St Helena,St Helena,None,40717390,2015,13930,UK,NA,25.439748300711113,8.208148283711111,0.6474074204,230.84692438575556,265.14222839057777,239.70248008986664,9.422360522457145
St Lucia,Saint Lucia,St Lucia,St. Lucia,LC,1.022667,1659110889,9262.256115,Latin America & Caribbean,179126,176.46622259417776,201.72577632000002,18.326666622066668,91.08000038037777,487.5986659166223,311.1324433224445,1.763127462857075
St Pier Mq,Saint Pierre & Miquelon (France),St Pier Mq,St Pier Mq,MQ,0.5621245,9610000000,30056,East Asia & Pacific,NA,22.49399265891111,62.33235511777777,1.2935481532,35.09560661851111,121.21550254840001,98.7215098894889,4.388794438873433
St Vincent,Saint Vincent & the Grenadines,St Vincent,St. Vincent and the Grenadines,VC,0.9687719,755400000,6920.878074,Latin America & Caribbean,109148,117.66634149842221,33.51248906086667,3.0266667057555554,13.970503753422223,168.17600101846668,50.509659520044444,0.4292617487450456
Samoa,Samoa,Samoa,Samoa,WS,0.7358328,788307314.9,4073.665929,East Asia & Pacific,193513,1367.0733360107556,914.3977715780889,38.49333293137778,92.4977779186889,2412.462218438911,1045.3888824281555,0.7646911507166801
Saudi Arabia,Saudi Arabia,Saudi Arabia,Saudi Arabia,SA,-1.342696,654270000000,20627.93278,Middle East & North Africa,31717667,68408.48802901623,19401.48815804271,234.6333338256,1587.4092970703557,89632.01881795487,21223.530788938668,0.3102470380566878
Senegal,Senegal,Senegal,Senegal,SN,0.2836294,17767704597,1218.764246,Sub-Saharan Africa,14578459,26749.3735488294,2651.4253375857334,248.04050638475556,271.62053920117773,29920.459932001064,3171.086383171667,0.1185480615978926
Seychelles,Seychelles,Seychelles,Seychelles,SC,0.0801099,1377495054,14745.34146,Sub-Saharan Africa,93419,26041.673826155733,11677.197619447355,1083.8400063783336,1637.4177651984446,40440.12921717986,14398.455391024134,0.5529005350094899
Sierra Leone,Sierra Leone,Sierra Leone,Sierra Leone,SL,-0.2704413,4218723875,588.2284527,Sub-Saharan Africa,7171914,458.0177803087555,145.1266665341111,0.9400000086444444,64.28444473228889,668.3688915838,210.35111127504442,0.459264072965124
Singapore,Singapore,Singapore,Singapore,SG,0.8381784,308004000000,55646.61875,East Asia & Pacific,5535002,90036.62970667091,19159.941923987666,553.7543667012445,7222.805940323889,116973.13193768372,26936.502231012797,0.2991727069168277
Slovenia,Slovenia,Slovenia,Slovenia,SI,0.9868262,43090173062,20881.76677,Europe & Central Asia,2063531,3557.0900047809996,6599.676900454733,351.26700787646666,900.6632177212001,11408.697130833398,7851.6071260524,2.2073119081887844
Solomon Is.,Solomon Isl.,Solomon Isl,Solomon Islands,SB,0.2845246,1154650069,1914.46793,East Asia & Pacific,603118,406.5297318827778,191.5199997242889,28.268889078266668,53.29229657093334,679.6109172562667,273.0811853734889,0.6717373022355753
South Africa,South Africa,South Africa,South Africa,ZA,0.650173,317621000000,5734.633629,Sub-Saharan Africa,55386367,73574.87882392426,23689.86628106007,2176.286671260578,7793.5061686864665,107234.53794493136,33659.65912100711,0.45748847512966667
Spain,Spain,Spain,Spain,ES,1.044831,1195120000000,25732.01836,Europe & Central Asia,46444832,531341.2105939419,409152.01370519947,23920.2688683768,110590.33257185164,1075003.8257393697,543662.615145428,1.0231892507221736
Sri Lanka,Sri Lanka,Sri Lanka,Sri Lanka,LK,-0.2961408,80604080689,3843.780672,South Asia,20970000,28839.025423926447,13886.508632483845,177.47718463604443,885.9478123582667,43788.95905340461,14949.933629478155,0.518392470262704
Sudan,Sudan,Sudan,Sudan,SD,-1.782848,96741742022,2486.745659,Sub-Saharan Africa,38902950,577.3027642088223,539.0733310758444,9.80888896231111,52.12222201637778,1178.3072062633555,601.0044420545333,1.0410558883746097
Suriname,Suriname,Suriname,Suriname,SR,0.4113952,4787367928,8561.974179,Latin America & Caribbean,559143,661.6717724521778,592.3450301728,116.27837885108889,102.27940814817778,1472.5745896242445,810.9028171720666,1.225536362488056
Sweden,Sweden,Sweden,Sweden,SE,1.56531,503651000000,51397.19176,Europe & Central Asia,9799186,231138.11693819662,375066.23626334633,11442.4966089794,69766.58970070374,687413.4395112261,456275.3225730295,1.974037552166403
Syria,Syrian Arab Republic,Syria,Syrian Arab Republic,SY,-1.922481,40405006007,2032.623489,Middle East & North Africa,17997408,5304.957781686444,1402.9311171212667,39.09999971217778,597.46444055,7344.453339069889,2039.4955573834443,0.3844508554665801
Taiwan,Taiwan,Taiwan,"Taiwan, China",TW,0.8984895,525000000000,22400,NA,23557477,182621.0997611786,106767.215904627,5873.597972934423,60447.48774680007,355709.4013855401,173088.30162436148,0.9478001274262199
Tanzania,Tanzania,Tanzania,Tanzania,TZ,-0.2217783,47378599025,947.9334465,Sub-Saharan Africa,51482633,3661.234961051489,2490.448737768889,118.98222216151112,164.22222116786665,6434.888142149755,2773.653181098267,0.7575731168866822
Thailand,Thailand,Thailand,Thailand,TH,-0.969105,401296000000,5840.046948,East Asia & Pacific,68714511,453023.3729489546,421438.933353986,13271.167962598376,119176.65920363946,1006910.1334691785,553886.7605202239,1.2226449971327071
Togo,Togo,Togo,Togo,TG,-0.7007869,4180866177,570.910279,Sub-Saharan Africa,7323158,9442.078212490178,2704.293618101822,92.85333443975556,1234.8955590844446,13474.120724116201,4032.042511626022,0.4270291371122463
Tonga,Tonga,Tonga,Tonga,TO,0.1616573,435438217.3,4320.63799,East Asia & Pacific,100781,157.91736319682224,140.01555519691112,29.32888900337778,84.85875578491111,412.12056318202224,254.20319998520003,1.609722926214078
Trinidad Tob,Trinidad & Tobago,Trinidad Tobago,Trinidad and Tobago,TT,0.4805337,25062893969,18289.70434,Latin America & Caribbean,1370328,3478.9579338534,1523.4629652029776,142.44888765371113,1369.3499263434667,6514.219713053555,3035.261779200155,0.8724629147321153
Tunisia,Tunisia,Tunisia,Tunisia,TN,0.2414112,43173480832,3861.688531,Middle East & North Africa,11179949,8176.118126886023,13681.151882046335,426.3244444808,868.1709654407778,23151.765418853938,14975.647291967914,1.8316329411536496
Turkey,Turkey,Turkey,Turkey,TR,-0.36772,859797000000,10948.72461,Europe & Central Asia,78529409,16108.631346489088,43905.18234589147,5117.599632005889,5666.395026611934,70797.80835099838,54689.1770045093,3.395023191490997
Turks Caicos,Turks & Caicos Isl. (UK),Turks Caicos,Turks and Caicos Islands,TC,1.297749,893501650,24832.59637,Latin America & Caribbean,35981,403.8038735569778,175.2385183197778,43.079259368777784,366.7536226202444,988.8752738657778,585.0714003088,1.4488999205359154
Tuvalu,Tuvalu,Tuvalu,Tuvalu,TV,0.568598,35492333.86,3197.795645,East Asia & Pacific,11099,21.642222178511112,1.4999999989111112,0.03555555608888889,2.6888888998444447,25.866666633355557,4.224444454844445,0.1951945793735987
Ukraine,Ukraine,Ukraine,Ukraine,UA,-0.0867992,91030959455,2124.662666,Europe & Central Asia,45154029,43077.761795699735,145268.59810889867,4566.081980811422,24813.535354319534,217725.97723972937,174648.21544402963,4.054254635426857
UK,United Kingdom,UK,United Kingdom,GB,1.297837,2928590000000,44974.83188,Europe & Central Asia,65116219,127985.01046009798,229296.68567980512,39776.78896406822,58167.61012241424,455226.0952263856,327241.0847662876,2.556870399040299
Uruguay,Uruguay,Uruguay,Uruguay,UY,1.143404,53274304222,15613.76427,Latin America & Caribbean,3412009,25181.13084192569,4469.043251535601,494.2467418090222,15585.162891419734,45729.58372669005,20548.45288476436,0.8160258176551751
USA,USA,USA,United States,US,1.109821,18219300000000,56822.51882,North America,320635163,548622.5511616429,282872.57235366874,15843.530655482422,242492.20258713738,1089830.8567579314,541208.3055962885,0.9864857076150888
Vanuatu,Vanuatu,Vanuatu,Vanuatu,VU,0.5929779,759689950.9,2801.939848,East Asia & Pacific,271130,3155.3869170636444,126.16448817033334,0.19111111086666668,1320.4475954813554,4602.190111826199,1446.8031947625552,0.4585184742126422
Venezuela,Venezuela,Venezuela,"Venezuela, RB",VE,-1.091086,482359000000,16054.49051,Latin America & Caribbean,30081829,8721.946266692823,23540.384928793155,215.43306598542222,2421.9444342436223,34899.708695715024,26177.7624290222,3.001367083513145
Viet Nam,Viet Nam,Viet Nam,Viet Nam,VN,-1.358793,193000000000,2085.101484,East Asia & Pacific,92677076,68297.44152947904,50397.41465051233,628.4613787669999,5446.665384699089,124769.98294345745,56472.54141397842,0.8268617410742001
Yemen,Yemen,Yemen,"Yemen, Rep.",YE,-1.523454,42628328212,1608.744312,Middle East & North Africa,26497889,40996.97062512391,5442.022009680333,75.58221495606668,658.1616760257111,47172.73652578602,6175.765900662111,0.15063956693613492
