taxon_sciname,year,catch_spp,usd_spp,usd_kg_2014
Ablennes hians,2014,1271.2723720766,1139060.0453806338,0.8960000000000001
Acanthistius brasilianus,2014,5,7315.350995000001,1.4630701990000001
Acanthocybium solandri,2014,4297.317107119115,13769953.34249254,3.204313993882523
Acanthopagrus berda,2014,0.3284314529,828.6325556666998,2.5229999999999997
Acanthopagrus bifasciatus,2014,178.5105580798003,135982.2200933375,0.7617600973077953
Acanthopagrus schlegelii,2014,631.2309992691,1348974.5164163974,2.1370536586105087
Acanthuridae,2014,603.625814321599,1967820.1546884135,3.260000000000001
Acanthurus,2014,2245.0421662995727,6422252.994090333,2.860638027425523
Acanthurus lineatus,2014,205.61944330669988,360551.357076135,1.753488635500001
Acanthurus monroviae,2014,123.1019910351,379373.4194677162,3.081781344702586
Acetes,2014,36770.028912926464,129238870.6538929,3.514788388117343
Acetes japonicus,2014,421903.10023712623,1355155129.2429233,3.212005620440505
Acipenser sturio,2014,8.21115,12013.488864518853,1.4630701990000003
Aequipecten opercularis,2014,14448.995191491327,49224278.97253686,3.4067613920671715
Aethaloperca rogaa,2014,0.2974411865,1105.8863314070002,3.7180000000000004
Aetobatus narinari,2014,70.0004350873,70433.89463094337,1.0061922407068296
Albula vulpes,2014,2.0462973789,1139.5519823022544,0.5568848370000004
Albulidae,2014,0.1299173564400297,43.2624796945299,0.33300000000000013
Alectis alexandrina,2014,1850.4498574513,1371783.8955867435,0.7413245433605845
Alepes djedaba,2014,25.171347468100002,52116.917425908505,2.070485797073716
Alepisaurus ferox,2014,18.3016917884,14319.850832170927,0.7824331759999997
Alepocephalus bairdii,2014,14,20482.982786000004,1.4630701990000001
Alepocephalus rostratus,2014,0.0181600253528163,26.622597167228697,1.466
Allocyttus niger,2014,5.558683008082464,8133.3729271425855,1.4631834402710964
Alopias,2014,8276.510125144916,4664251.4604088785,0.5635529214467324
Alopias superciliosus,2014,1137.3125885937593,332054.15635257197,0.2919638450174401
Alopias vulpinus,2014,2245.9689887958616,1361974.5692558435,0.606408448224409
Alosa,2014,35.70931139846667,111204.4043468001,3.114157064131322
Alosa alosa,2014,8.396484848484848,2032.3832468773346,0.2420516780000002
Alosa fallax,2014,478.99,752298.8759960339,1.5705941167791266
Alosa immaculata,2014,67.27065971827138,82056.12017219503,1.2197906266393843
Alosa pseudoharengus,2014,1562,742026.0912680002,0.47504871400000015
Alosa sapidissima,2014,54.49374436,104589.39276318703,1.9192917277301045
Aluterus,2014,310.57487510429104,976700.138876078,3.1448137540040935
Ambassidae,2014,318.8722319201,909423.605436124,2.8519999999999963
Amblyraja georgiana,2014,0.2615,383.35900000000004,1.466
Amblyraja hyperborea,2014,1.9999999999999996,2926.140398000001,1.4630701990000008
Ammodytes personatus,2014,143274.02894674893,59388839.42489173,0.4145122452511261
Amphiarius phrygiatus,2014,1.8800055101,3538.60432980009,1.8822308289999996
Anadara,2014,68.82499198560001,142261.25843423518,2.0669999999999997
Anarhichadidae,2014,794.7539252367078,2725317.034300832,3.429133154
Anarhichas,2014,699.2102479411099,2311168.637060374,3.305398689258098
Anarhichas denticulatus,2014,7463.254074960918,11223675.350353504,1.5038581344843573
Anarhichas lupus,2014,8725.822108551753,15413420.661901472,1.7664147251862412
Anarhichas minor,2014,5473.207106259549,2638182.260539143,0.4820176195273024
Anchoa nasus,2014,213.25,56922.91079999998,0.2669304140679952
Anguilla anguilla,2014,624.4812796888269,5398209.766493599,8.644309993060922
Anguilla rostrata,2014,311.943017768,2071914.364423647,6.641964225545137
Anguilliformes,2014,6414.765524470887,9780596.57923286,1.5247005587222302
Anodontostoma chacunda,2014,1354.7708652581825,426536.27123576787,0.3148401564972256
Anomura,2014,2.9998791479431133,4389.033781957079,1.463070198999999
Anoplopoma fimbria,2014,4540.125740557019,21282915.452061657,4.687737007356651
Antimora rostrata,2014,160.13714393686763,268118.655196149,1.6743064638510847
Aphanopus carbo,2014,7229.957367925746,19238405.126587275,2.6609292624510616
Aphareus rutilans,2014,8.3826700057,38451.307316145896,4.587
Aphia minuta,2014,60.870000276093016,89057.1280347836,1.463070931999999
Apogonidae,2014,34994.44665567481,64837921.94098842,1.8528060345961808
Apostichopus japonicus,2014,2834.7462035515964,8482002.135623237,2.9921557439591266
Aprion virescens,2014,2.5785052377115245,21253.31495255511,8.242494388500003
Apsilus fuscus,2014,15.7502953745,83608.39511850319,5.308369978499998
Arca,2014,1312.3824741639,2758578.188728165,2.1019620751074224
Archosargus probatocephalus,2014,434.96004592,507456.6796816267,1.1666742369595957
Arctica islandica,2014,1640.2233849522422,2276991.04933772,1.3882200864999972
Arctoscopus japonicus,2014,15977.388811763194,27931009.922059704,1.7481586166004657
Argentina,2014,12900.659306060796,16520860.11887758,1.2806213796465422
Argentina silus,2014,4763.746829173496,3801382.1280978573,0.797981560400722
Argentina sphyraena,2014,1416.5803415611003,509217.6352182865,0.3594696469224741
Argopecten irradians,2014,320.59378155054156,8868459.32947152,27.662605576999965
Argyrops spinifer,2014,22.2322829643,56092.04991892888,2.5229999999999992
Argyrosomus regius,2014,539.1169890704,4607931.018069488,8.547181987373369
Argyrozona argyrozona,2014,544,2875809.1863520006,5.286413945500001
Ariidae,2014,146456.28856770124,56504792.80434589,0.3858133601291272
Ariomma indicum,2014,262.9882422012999,481882.9254705624,1.8323363867412494
Aristaeomorpha foliacea,2014,18.395573771218118,13971.06157468046,0.7594795219999992
Aristeidae,2014,2833.9998283296463,5221960.903256131,1.8426115806555796
Aristeus antennatus,2014,3352.920210660923,7076791.177057309,2.110635127718217
Aristeus varidens,2014,2194.997726823099,1646245.4978101156,0.7499987255990407
Arripis georgianus,2014,130.10579341887748,278649.03742210637,2.1417112190000007
Arripis trutta,2014,2457.085780024585,3909936.852757461,1.5912903344865474
Artemesia longinaris,2014,3104.450811366096,26700492.073346063,8.600713522530146
Ascidiacea,2014,1.000199999999999,1463.362813039799,1.4630701990000001
Aspistor quadriscutis,2014,63.6187181024,119745.11251379765,1.8822308289999998
Asterias rubens,2014,152,222386.67024800007,1.4630701990000003
Atheresthes evermanni,2014,437,55824.21190399996,0.12774419199999992
Atheresthes stomias,2014,30257.12935862579,6263482.236019012,0.2070084759786837
Atherina boyeri,2014,1608.3459741048332,3695169.397240959,2.2974965938517067
Atherinidae,2014,284.3577299541915,487332.53283171635,1.7138008975884813
Atlantoraja cyclophora,2014,0.0682934969,159.28293785364275,2.3323295054999993
Atractoscion nobilis,2014,1.209276272,7270.121829023338,6.011961036
Atrobucca nibe,2014,699.2862516014004,1432758.7110301994,2.0488872872148
Atule mate,2014,5058.375541187905,3995412.21584147,0.7898607336107731
Austroglossus microlepis,2014,291,2868753.315746999,9.858258816999996
Austroglossus pectoralis,2014,209,1855756.8432094995,8.879219345499997
Auxis,2014,29376.711632837094,28521094.26044454,0.9708742971954645
Auxis rochei,2014,8000.516609784548,8849821.600560095,1.1061562686760573
Auxis thazard,2014,205284.44787734098,210738811.48349074,1.02656978481589
Bagre bagre,2014,66.1398913838,124490.54258929979,1.8822308289999992
Balistes capriscus,2014,876.2401358878001,1578203.1820379072,1.8011080723195625
Balistidae,2014,4486.234208205598,5768624.833953167,1.2858501286896697
Bathydraconidae,2014,1.1e-4,0.16093772189000002,1.4630701990000001
Bathylagidae,2014,4055.999995943998,9658275.27476572,2.381231579
Bathyraja brachyurops,2014,1054.1715210355983,1966866.2555107002,1.865793389654928
Bathyraja eatonii,2014,5.83867,8542.384078795329,1.4630701989999997
Bathyraja irrasa,2014,0.66315,970.2350024668501,1.4630701990000001
Bathyraja macloviana,2014,643.2233009708733,941461.0732218279,1.4636613316103415
Bathyraja meridionalis,2014,9.302325581395344,13615.454247538051,1.4636613316103413
Bathyraja murrayi,2014,1.72971,2530.6871539122913,1.4630701990000008
Batoidea,2014,4057.316238815437,4326442.831542529,1.0663311846763184
Batrachoididae,2014,13.604401625788519,47425.66552091303,3.4860530308817763
Belone belone,2014,736.9372388722929,950771.2587231753,1.2901658493715211
Belonidae,2014,0.131103259,438.4490258577132,3.3443030264999987
Benthodesmus,2014,38.116683483994066,87241.90611508687,2.2888115686067345
Berycidae,2014,727.9211956206544,23743401.956754975,32.61809396346868
Beryx,2014,1989.993847371385,5931558.99270407,2.980692126530523
Beryx decadactylus,2014,29.578581561318217,408512.24398527096,13.811082966855594
Beryx splendens,2014,74.89241249348589,324276.9394634503,4.329903773518522
Bivalvia,2014,160597.89937030745,763011234.5546498,4.751066094552673
Bohadschia marmorata,2014,168,180935.99999999994,1.0769999999999995
Bolbometopon muricatum,2014,3.0558280634,13500.6483841012,4.418
Boops boops,2014,24006.610128655677,22136302.34044555,0.922091966413133
Boreogadus saida,2014,17.635618146912776,24926.266094180763,1.413404729368347
Bothidae,2014,4165.913023523923,11856802.102736019,2.846147299711604
Bothus pantherinus,2014,82.1867592772,221886.5050513464,2.6997840893442002
Brachydeuterus auritus,2014,5283.721034444495,10114807.345476978,1.9143340989311712
Brachyura,2014,116509.34960818205,178262082.95084435,1.5300238440119627
Brama brama,2014,9573.817689436268,22322789.261413712,2.331649712323709
Bramidae,2014,3319.278945052604,6570645.176449574,1.979539919729597
Bregmaceros mcclellandi,2014,5098.7394391800035,366375.57180557767,0.07185610799999997
Brevoortia patronus,2014,348838.2977885601,135775114.3591356,0.3892207799999999
Brevoortia pectinata,2014,1834.5820555185,1049400.6989758937,0.5720107726003599
Brevoortia tyrannus,2014,163515.69124411218,239235054.7851471,1.4630709319999977
Brosme brosme,2014,17130.505691336602,32376385.997447316,1.8899842527019504
Brotula barbata,2014,4512.9088304565,8101833.610658321,1.7952575412073601
Buccinum undatum,2014,25129.998204420895,34587663.40542272,1.376349617061971
Busycon,2014,4166.499004282305,4014263.641565268,0.9634620426980613
Caesio,2014,5547.069286340373,12853990.968040781,2.3172580518677965
Caesionidae,2014,51734.17438670854,115955384.06948526,2.2413691808963385
Calamus,2014,0.1245382499,208.93041450893338,1.6776405215000005
Callinectes,2014,0.081652673,192.96711263496653,2.363267552000001
Callinectes sapidus,2014,646.407530944,1322686.3391449223,2.0462112147940155
Callorhinchus milii,2014,1055.8971084647737,1986799.61955052,1.881622369853097
Campogramma glaycos,2014,297.25,550296.779598125,1.8512927825
Cancer borealis,2014,6.92634984,7935.5586442617905,1.1457057220000009
Cancer irroratus,2014,4657.758212518697,4546023.681641107,0.9760110925085634
Cancer pagurus,2014,36956.90313729386,78098058.54845436,2.1132197754320012
Cancer productus,2014,4.410728608,12963.6360434525,2.939114417499998
Canthidermis sufflamen,2014,0.78125,2031.2499999999998,2.5999999999999996
Caproidae,2014,27412.999999999993,35033000.347464025,1.2779703187343243
Capros aper,2014,156.8136759105,106032.42262080601,0.6761682104902832
Carangidae,2014,942015.9290775497,600067083.4606593,0.6370031173976676
Carangoides,2014,6292.964347713797,22268550.035927635,3.538642332213067
Carangoides bajad,2014,139.8550123387,495366.45370367536,3.542
Carangoides coeruleopinnatus,2014,1.8065965338,4891.501155351596,2.7075780695000002
Carangoides malabaricus,2014,164.25298816032495,562437.2599892034,3.424213259610331
Carangoides talamparoides,2014,14.01811123580001,60115.44268600817,4.288412445500002
Caranx,2014,74018.9966980604,182084356.47128376,2.4599679081580303
Caranx crysos,2014,1327.459974088301,4360157.333747668,3.2845866684170444
Caranx hippos,2014,2429.4298628627994,5378578.215518715,2.2139261139980753
Caranx ignobilis,2014,6292.9662976693,21062315.707920894,3.3469614664425675
Caranx latus,2014,1739.6102554323982,4196235.018362328,2.4121696255000007
Caranx lugubris,2014,23.339893929854775,142337.23081404218,6.098452342663574
Caranx melampygus,2014,4.6212960599,22986.326601942597,4.974
Caranx rhonchus,2014,271.1146138883,252678.8201438957,0.9320000000000003
Caranx sexfasciatus,2014,111.15951648001813,407465.38250635104,3.665591533763071
Carassius carassius,2014,30.03000000000005,69611.19474582002,2.3180551030909053
Carcharhinidae,2014,26130.359908441707,30167075.705822162,1.1544837427239703
Carcharhiniformes,2014,41.16815156480001,35463.76760740268,0.8614369666702562
Carcharhinus,2014,13610.704279675412,21822511.264611296,1.6033344650062238
Carcharhinus albimarginatus,2014,1180.3441656094005,593704.5648883926,0.5029927559999998
Carcharhinus brachyurus,2014,191.06321994948624,306104.3964754224,1.6021105294695184
Carcharhinus falciformis,2014,7001.52131744467,6571770.788639461,0.9386204070057657
Carcharhinus galapagensis,2014,0.0905828,63.5524445027626,0.7015950544999999
Carcharhinus leucas,2014,122.71636999250845,129141.72584374549,1.0523594028378551
Carcharhinus limbatus,2014,8224.463974413075,3775660.00092275,0.4590767267835463
Carcharhinus longimanus,2014,1031.7961433809332,1029344.284944652,0.997623698778087
Carcharhinus melanopterus,2014,10802.371119512502,5433514.420738399,0.502992756
Carcharhinus obscurus,2014,172.21755614315651,279809.86159352836,1.6247464419999975
Carcharhinus plumbeus,2014,1.3262764306676877,1471.4167447559432,1.1094344366921967
Carcharhinus sorrah,2014,4380.143885369824,2342140.622649605,0.5347177362078491
Carcharias taurus,2014,5.5937366283,45832.79744977289,8.193592314999998
Carcharodon carcharias,2014,39.1086051705,66857.678508175,1.7095388141995511
Carcinus aestuarii,2014,7.2250000000000005,14641.1504812,2.02645681400692
Carcinus maenas,2014,788.6447427088792,604679.6502468525,0.7667326205331269
Cardiidae,2014,1314.998934016244,1244410.877576825,0.946320826113653
Cardium edule,2014,4864.799999999996,10574359.224501599,2.1736472670000015
Caulolatilus chrysops,2014,2.6130597665,4529.813853108901,1.7335286054999999
Centriscidae,2014,9.321929820253494,21388.28657012425,2.294405448500001
Centriscops humerosus,2014,17.47014659683061,84024.43677609014,4.809601127865386
Centroberyx affinis,2014,181.1730545542565,1460899.895053976,8.063560547942714
Centrolophidae,2014,145.9832412732442,574474.5527582811,3.9352089167756463
Centrolophus niger,2014,84.5553855800643,543532.1151368762,6.42811940845818
Centrophorus granulosus,2014,1.0799302612598032,1058.4784331351555,0.9801359134990597
Centrophorus squamosus,2014,125.48531594467502,116342.38895233982,0.9271394670881954
Centropomidae,2014,674.5705746470361,1868166.5355304459,2.769415989584114
Centropomus,2014,69.0391282038,299995.6223654929,4.345298531000001
Centropomus undecimalis,2014,0.0542605868,437.60350004664116,8.064850121499997
Centropristis striata,2014,364.799551632,2198257.6773580476,6.025933057000002
Centroscyllium fabricii,2014,9,13167.631791,1.463070199
Centroscymnus coelolepis,2014,5,7315.350995,1.463070199
Centroscymnus crepidater,2014,11.117366016164908,12699.433183702618,1.1423059351682177
Cephalopholis argus,2014,0.4544240349,1700.9091626306997,3.7429999999999994
Cephalopholis boenak,2014,40501.89639139554,157277929.49052042,3.8832238364999982
Cephalopholis fulva,2014,41.2094437396507,104259.89266131628,2.53
Cephalopholis hemistiktos,2014,1.8920564362,7051.694337717401,3.7270000000000003
Cephalopholis miniata,2014,2.0820883053,7759.943113853101,3.727
Cephalopoda,2014,160872.86326699227,274595423.1306561,1.7069095281466116
Cephaloscyllium isabellum,2014,26.205219895245918,33347.32034069819,1.2725449537917435
Cepola macrophthalma,2014,25.6,90460.67250839998,3.5336200198593737
Cerastoderma edule,2014,10798.443771093509,42888691.18752428,3.9717474199693075
Cervimunida johni,2014,3403.54,9588991.445450129,2.8173582344999994
Cetengraulis edentulus,2014,4198.5601801601015,5059976.689837697,1.2051695039999992
Cetengraulis mysticetus,2014,134460.5302165153,75353977.79698995,0.5604170805785986
Chaceon affinis,2014,78.60840023629589,414144.41981832875,5.2684499185000035
Chaceon maritae,2014,3889.236,11215263.664149696,2.8836675542830768
Chaceon notialis,2014,970,4344659.810040001,4.479030732000001
Chaenocephalus aceratus,2014,1.118577,1636.1798286204232,1.4627333018830384
Chaetodipterus faber,2014,102.01094999110009,110747.87912692208,1.0856469735512142
Chaetodontidae,2014,16.095979177599997,73631.12673455739,4.574504348081308
Chamelea gallina,2014,26742.35514268711,60196550.934648685,2.2509816586258995
Champsocephalus gunnari,2014,899.0909340000021,4391748.874338561,4.884654831074685
Channichthyidae,2014,0.016647000000000002,16.809618704919995,1.009768649301375
Channichthys rhinoceratus,2014,99.24453,153026.36325149826,1.5419123175
Chanos chanos,2014,234.38260746369988,493608.6153313579,2.1059950679480592
Charybdis,2014,45507.54868295094,9235604.533376645,0.2029466495266684
Cheimerius nufar,2014,25,32659.599087500002,1.3063839635
Chelidonichthys capensis,2014,620,815542.8737639999,1.3153917318774193
Chelidonichthys cuculus,2014,3996.3543499999973,3817279.353831613,0.9551904109383133
Chelidonichthys kumu,2014,5416.230519624561,6738238.515790198,1.24408266807988
Chelidonichthys lucerna,2014,4231.668025769399,11515271.972393626,2.7212134558452106
Chelon labrosus,2014,381.70689696969737,878337.6738409959,2.301078866570034
Chimaera monstrosa,2014,167.00000000000034,241865.66352499992,1.448297386377242
Chimaeriformes,2014,96.41824274948884,182077.67907162855,1.888415240513122
Chione stutchburyi,2014,873.5073298415311,1278101.4599795523,1.4631834402710981
Chionobathyscus dewitti,2014,6.1e-4,2.3030182014450014,3.775439674500002
Chionodraco rastrospinosus,2014,0.003215,4.7037706897849985,1.4630701989999995
Chionoecetes,2014,63906.2904500001,104500783.77511314,1.6352190533868325
Chionoecetes japonicus,2014,8955.00000000001,13101793.632045012,1.4630701989999997
Chionoecetes opilio,2014,133671.0121182011,396047072.13533276,2.9628493557385553
Chirocentrus,2014,44259.633076108876,7637381.213391296,0.17255862018236917
Chirocentrus dorab,2014,20299.656032096296,6572913.587774063,0.3237943331345844
Chirocentrus nudus,2014,322.40941164000003,171179.0206612055,0.5309367979999998
Chlamys islandica,2014,353,516111.4857174999,1.4620721974999997
Chloroscombrus chrysurus,2014,9528.011390799404,29986872.59333815,3.1472330755496967
Chloroscombrus orqueta,2014,4912,2682085.115200001,0.5460271000000001
Chondrichthyes,2014,33483.97343762385,49021171.598751396,1.4640189489479576
Cilus gilberti,2014,1211.184,1772047.215905616,1.463070199
Citharichthys sordidus,2014,241.051942968,225173.70781773978,0.9341294039999998
Clupanodon thrissa,2014,42306.639638336244,13025215.82290463,0.3078763979898277
Clupea harengus,2014,1364347.115351926,494340478.5295169,0.36232749933436437
Clupea pallasii pallasii,2014,418862.7437787294,131279696.24194431,0.31341936754178074
Clupeidae,2014,209915.2922391757,52413747.552726515,0.2496899915848281
Clupeiformes,2014,27187.912070092403,10528571.084353317,0.38725191758785665
Clupeonella cultriventris,2014,9830.090526363703,2061001.0397100586,0.209662467927694
Cnidaria,2014,0.456895,668.4694585721052,1.4630701990000003
Cololabis saira,2014,706174.7783569881,1445787105.8212447,2.047350245480397
Conger conger,2014,8666.650710116865,15213691.96110106,1.755429227503264
Conger myriaster,2014,24006.651784734717,22446450.770672992,0.9350096369934511
Conger orbignianus,2014,62.8205582993,134751.23533974792,2.1450181117102463
Congresox talabonoides,2014,169.416,486604.82087287167,2.872248316999998
Congridae,2014,3670.771288438018,8811880.116189348,2.400552751391648
Conodon nobilis,2014,132.89031234226164,355586.65316104045,2.675790634348273
Coregonus,2014,885.8472637346161,1661686.2846404111,1.8758157897727867
Coregonus albula,2014,1914.288519410319,2077739.9312684948,1.0853849407760778
Coris julis,2014,2,2926.140398,1.463070199
Coryphaena,2014,19381.204112356674,31825739.638278432,1.642093001744284
Coryphaena hippurus,2014,40909.911794975946,100034130.2750912,2.4452296738360646
Coryphaenoides rupestris,2014,878.441839403887,1176223.53269712,1.338988513451623
Cottidae,2014,0.59193756,5750.995766075019,9.715544602499998
Cottoperca gobio,2014,7.7032253560457935,11233.061029352453,1.4582282758398475
Crangon crangon,2014,44494.169841157855,155151758.80506587,3.4870132280015684
Crassostrea,2014,46.18657800538788,31322.79497151354,0.678179599446826
Crassostrea gigas,2014,13975.953357942333,19462453.483412508,1.3925671462227853
Crassostrea rhizophorae,2014,26.315,42912.777078064995,1.630734451
Crassostrea virginica,2014,94628.88101064449,935749795.6438297,9.88862792891496
Crenidens crenidens,2014,0.4421192635,212.65936574350002,0.481
Cromileptes altivelis,2014,0.8595017459038409,5874.962832871198,6.835312273499995
Cyclopterus lumpus,2014,6770.049401441467,20165348.947166577,2.978611787215763
Cymatoceps nasutus,2014,4,18878.196374000006,4.719549093500001
Cynoglossidae,2014,2.254722641589135,14373.856840130738,6.375000000000002
Cynoscion,2014,1416.6607058102566,3620953.6388311205,2.5559780291640988
Cynoscion acoupa,2014,1044.0676002039008,3645891.627836022,3.4920072485
Cynoscion analis,2014,480,949458.7070400001,1.978038973
Cynoscion arenarius,2014,7.248853752,10424.722728516117,1.4381201614999994
Cynoscion guatucupa,2014,10608.5980334142,34582082.82887873,3.25981649224097
Cynoscion jamaicensis,2014,1703.5591823764,5948841.013107126,3.492007248500002
Cynoscion leiarchus,2014,48.4150731977,169065.78654302665,3.4920072485000038
Cynoscion nebulosus,2014,3.664116176,15146.438427743824,4.133722213000002
Cynoscion virescens,2014,159.2298406027,556031.7575621284,3.4920072485000024
Cyprinidae,2014,3789.91682638428,4274687.054488938,1.127910518967021
Cyprinus carpio,2014,17.623863568,6754.03863423719,0.38323257599999994
Cypselurus,2014,48.4860244351603,44856.175097621526,0.9251361731586609
Cyttus traversi,2014,524.0106432266763,2721419.03769595,5.193442295252617
Dalatias licha,2014,149.83196971220914,133196.05336048044,0.888969514425511
Dasyatidae,2014,7231.60197682781,3864737.933982622,0.5344234854692479
Dasyatis,2014,15892.017310697762,14420438.910455376,0.9074014096843585
Dasyatis pastinaca,2014,3.4952214356972062,3863.177286937445,1.1052739741986737
Deania calcea,2014,218.2038699970711,388977.40482043446,1.78263293325483
Decapoda,2014,248118.61390819028,551881836.084429,2.2242661579942498
Decapterus,2014,338919.472018935,313318832.44788,0.9244639459085883
Decapterus macarellus,2014,1765.7460474647858,6976747.124569802,3.9511611166208422
Decapterus macrosoma,2014,21583,10832801.228799999,0.5019136
Decapterus maruadsi,2014,506.6601623142012,684292.8100005182,1.3505952527922642
Decapterus punctatus,2014,120.13232682553698,56842.690875251086,0.47316731788439664
Decapterus russelli,2014,29524.342590795084,44214995.14850488,1.4975776348798349
Dendrobranchiata,2014,183473.92935029083,268470975.61983025,1.463264980319149
Dentex,2014,17630.1584785209,138746037.88631287,7.869812290987023
Dentex angolensis,2014,42.1953826271,17468.888407619404,0.41400000000000003
Dentex congoensis,2014,4.3309043752,21476.954796616803,4.959
Dentex dentex,2014,266.0286358927174,4779481.290411694,17.966040664656635
Dentex gibbosus,2014,20.867390446800002,51064.2170790292,2.4470820733054266
Dentex macrophthalmus,2014,3057.501063027346,7848778.752827609,2.5670567535490045
Diagramma pictum,2014,10.049899851100001,15676.453204653159,1.5598616341373102
Diapterus rhombeus,2014,16.0133535063,5793.727105604505,0.36180598294574134
Diastobranchus capensis,2014,2.38229271774963,32920.54984380624,13.818851729901509
Dicentrarchus,2014,102.6917989688,445180.7032820388,4.335114466319695
Dicentrarchus labrax,2014,4824.21819749374,60849945.37538696,12.613431417136043
Dicentrarchus punctatus,2014,73.37006776159484,557209.0878013154,7.594501474523421
Dicologlossa cuneata,2014,577.0498057924908,3069266.229141419,5.3188930978431666
Diodontidae,2014,0.11204802419872235,43.939879059309256,0.3921521987873686
Diplodus,2014,4572.353247319687,16180010.38011242,3.5386614954995306
Diplodus annularis,2014,333.8576459016975,464697.9032456425,1.3919043309329215
Diplodus argenteus argenteus,2014,20.990635211900003,126738.80893397176,6.037873921134175
Diplodus puntazzo,2014,0.9249999999999999,6806.3951800375025,7.358265059500003
Diplodus sargus sargus,2014,3022.223121679487,14221898.920759598,4.705773977685774
Diplodus vulgaris,2014,41.631661975997446,172147.1555123735,4.1350056025057125
Dipturus batis,2014,220.8717526733999,354414.5976813126,1.6046171291327629
Dipturus innominatus,2014,512.1929343161693,749432.2197152815,1.4631834402710988
Dipturus oxyrinchus,2014,88.95129010039999,137080.39959737397,1.5410726414720943
Dissostichus eleginoides,2014,19275.851701239924,157900958.04568288,8.191646236597984
Dissostichus mawsoni,2014,23.88955,212210.3054388855,8.882976256936002
Donax,2014,692.228686120853,3568503.8349817875,5.155093838972716
Dorosoma cepedianum,2014,334.30410788,87412.6322935453,0.2614763930000001
Doryteuthis gahi,2014,48820,278711403.6243489,5.7089595170903085
Doryteuthis opalescens,2014,28935.674944896,42334302.644299164,1.463048735684203
Doryteuthis pealeii,2014,5129.953155039996,12000579.011938224,2.3393155160000014
Dosidicus gigas,2014,511953.1,264127082.7056866,0.5159204675304957
Drepane,2014,264.25362343168143,422789.32587532245,1.5999376674001518
Drepane punctata,2014,440.9830411753003,457303.38833127904,1.037009013118695
Dussumieria,2014,8473.108287266747,2672151.2305920674,0.315368474
Dussumieria acuta,2014,14813.8513559872,5986786.309021912,0.4041343581189829
Dussumieria elopsoides,2014,610.6202847933581,206256.7252380974,0.33778230166051126
Echeneidae,2014,0.0358589822311891,96.20964932628034,2.6829999999999994
Echinodermata,2014,283.2756459888076,595152.8572185851,2.1009672580257748
Echinoidea,2014,23373.041106059194,71994257.50234003,3.0802263674484505
Elagatis bipinnulata,2014,4733.853468195766,11817279.072450384,2.4963339384804306
Elasmobranchii,2014,86477.83719912654,216000163.63875332,2.497751685687798
Electrona carlsbergi,2014,0.0021249999999999997,3.1090241728750003,1.4630701990000003
Eledone,2014,5622.775051045904,27444506.783123575,4.88095407231676
Eledone cirrhosa,2014,0.9999999999999996,1203.590412,1.2035904120000005
Eleginus gracilis,2014,28990,29163519.992880017,1.0059855120000005
Eleginus nawaga,2014,266.3565379822395,267950.8182366104,1.005985511999999
Eleutheronema tetradactylum,2014,332.85675683799997,2251166.1728935232,6.763168019416703
Elops lacerta,2014,576.4706716557,634625.8958462726,1.1008814967525462
Elops saurus,2014,224.36701484,358717.6250120692,1.5987984029999995
Emmelichthys nitidus nitidus,2014,544.9661885592124,2489892.644026794,4.568893807172881
Engraulidae,2014,66115.67067720456,16292859.264628401,0.24642961491194362
Engraulis anchoita,2014,13981.303904931,11135056.039099043,0.7964247193834242
Engraulis capensis,2014,240338.25,88204342.4064455,0.3670008515350574
Engraulis encrasicolus,2014,332473.57145352516,333613735.545512,1.0034293375169707
Engraulis japonicus,2014,1031991.8733883094,424016680.9337966,0.4108721123371202
Engraulis mordax,2014,44392,11621721.278799992,0.2617976499999998
Engraulis ringens,2014,3625853.539999999,950439361.5536897,0.2621284481208499
Ensis directus,2014,1.4376894101354354,23934.168829513907,16.64766302150005
Ensis siliqua,2014,4846.116112405503,7527612.240859481,1.5533289063358704
Eopsetta jordani,2014,2377.271136079998,5936045.439605789,2.4969997530000017
Ephippidae,2014,3830.3432566399956,1444993.4619695928,0.37724907799442275
Epigonus telescopus,2014,437.9507273678321,950647.1552159602,2.1706714838208674
Epinephelus,2014,106242.24736180578,524999975.5254141,4.941536804445952
Epinephelus aeneus,2014,230.81045634759238,986380.055098543,4.273550127265853
Epinephelus analogus,2014,3.39451001306118e-4,2.0014031037008717,5.896
Epinephelus areolatus,2014,4.0567672933,23001.87055301099,5.669999999999997
Epinephelus caninus,2014,0.25,947.3529238749998,3.7894116954999992
Epinephelus chlorostigma,2014,0.4957353108,2810.8192122360015,5.670000000000003
Epinephelus coioides,2014,1176.2313907345408,11527877.861610826,9.800688837603476
Epinephelus fasciatus,2014,1.4880751174000002,14685.813333620601,9.869
Epinephelus fuscoguttatus,2014,0.3965882486,3494.3390584146014,8.811000000000003
Epinephelus guttatus,2014,22.1603495061416,55578.156561403135,2.508
Epinephelus itajara,2014,33.3654734756,484231.0416526841,14.512937813000011
Epinephelus malabaricus,2014,17.19070668028828,278464.73394104326,16.198562346499973
Epinephelus marginatus,2014,169.1445811344597,1646319.9002906214,9.733211015385097
Epinephelus morio,2014,60.040612264,343584.8413896384,5.722540600999997
Epinephelus morrhua,2014,0.2065563795,1299.652739814,6.292
Epinephelus multinotatus,2014,105.57756827740911,1082658.459005069,10.254625832642235
Epinephelus striatus,2014,17.670187345932632,174867.40539318972,9.896182873999981
Epinephelus summana,2014,0.2891789313,1639.6445404709996,5.669999999999998
Epinephelus tauvina,2014,7.766519869,44036.167657229984,5.669999999999998
Eptatretus cirrhatus,2014,294.61019942837083,432770.4396135498,1.4689594605117198
Erimacrus isenbeckii,2014,121.8106490974999,281383.1763033499,2.310004735941639
Esox lucius,2014,450.21360230943674,835331.8345898803,1.855412253883319
Etelis carbunculus,2014,4.420909523026427,42051.48049016986,9.511952296499981
Etelis coruscans,2014,0.4420909523026426,4652.97359405448,10.524923819000009
Ethmalosa fimbriata,2014,27387.908814462102,10072887.1945324,0.36778591833245194
Etmopterus,2014,210.46845673455002,370843.23244145344,1.7619896025995645
Etrumeus whiteheadi,2014,34434,15979810.397715,0.4640706975
Eucinostomus,2014,18.2146026409,6413.747506263919,0.3521211871985701
Eucinostomus argenteus,2014,27.0203905687379,41233.11600789403,1.526
Euphausia superba,2014,147623.30026173973,175622962.53183553,1.1896696674607037
Euthynnus affinis,2014,26.76880133242336,41613.157015547054,1.5545394244135864
Euthynnus alletteratus,2014,7317.215222225416,14071092.308115711,1.923011949324105
Euthynnus lineatus,2014,4076.0598500517112,7921630.89484605,1.9434530370660656
Eutrigla gurnardus,2014,1554.1365914858993,691348.3109725983,0.44484398267182224
Exocoetidae,2014,7678.289200702094,9401528.121997045,1.2244300619905515
Farfantepenaeus aztecus,2014,4648.627159200339,12878481.654755948,2.770383860376386
Farfantepenaeus brasiliensis,2014,463.4214109099845,1145476.0424344938,2.4717805769595578
Farfantepenaeus brevirostris,2014,1823.2236089452233,3390606.7085107905,1.8596768338647909
Farfantepenaeus californiensis,2014,10070.772391887323,25310336.419933017,2.5132467932968257
Farfantepenaeus duorarum,2014,2033.3289539704604,4793422.967769265,2.357426209079056
Farfantepenaeus notialis,2014,3401.2313443361936,10312536.937066685,3.0320010293446673
Farfantepenaeus paulensis,2014,8,11704.561592000002,1.4630701990000001
Farfantepenaeus subtilis,2014,3614.798173019544,14632247.75190726,4.0478740586738
Fenneropenaeus chinensis,2014,107177.7346795128,471737864.1662962,4.401453954750078
Fenneropenaeus indicus,2014,48646.90073559595,259332390.27731186,5.330912891796064
Fenneropenaeus merguiensis,2014,22910.03950392434,107597490.41805796,4.696521383109235
Fistularia tabacaria,2014,3.2219562336,2257.293042155139,0.7005970529999999
Gadiformes,2014,6052.95518210274,11826837.151949035,1.9538947169009937
Gadus macrocephalus,2014,275564.4865310932,150269739.3273,0.5453160573009628
Gadus morhua,2014,1139498.1394757957,3164498608.724127,2.777098530568811
Gadus ogac,2014,32.18731021954825,120814.5423729603,3.7534836415000052
Gaidropsarus,2014,117.2288763636364,76456.84756980886,0.6522014877345123
Gaidropsarus ensis,2014,1.7914011254717617,2620.945601132795,1.4630701990000003
Galeocerdo cuvier,2014,1543.358127926946,2596423.513403765,1.6823208213451448
Galeoides decadactylus,2014,3242.0956021866,37136806.29002998,11.454568540478393
Galeorhinus galeus,2014,3025.3530952649976,4609329.115718057,1.5235673227472697
Galeus,2014,49,71690.439751,1.463070199
Galeus melastomus,2014,59.73071317655791,248465.0521949036,4.159753650696689
Gasterosteus aculeatus,2014,43.71959999999999,71951.952072054,1.645759615185272
Gastropoda,2014,21305.23493443649,58993545.766681775,2.768969502013244
Gazza minuta,2014,451.0431642078352,1387336.8871969187,3.075840622999999
Gempylidae,2014,253.37547726299437,347434.99533903145,1.3712258151107766
Genyatremus luteus,2014,2.2444223997000012,6652.612656956578,2.964064455000001
Genyonemus lineatus,2014,2.9823674,6417.133791147371,2.151691234
Genypterus,2014,479.88932186391816,978056.0508897231,2.038086713600745
Genypterus blacodes,2014,23872.87510584287,38825877.93939876,1.6263595301052007
Genypterus capensis,2014,6891.57463043339,11430232.34508103,1.6585806521785018
Gerreidae,2014,2089.3954261931412,3162416.4076793087,1.5135557243183984
Gerres,2014,2664.5019306157237,2742159.8980110576,1.029145397307852
Gerres nigri,2014,137.240210554,220956.73899194,1.61
Gerres oyena,2014,109.2659894376,180398.14856147752,1.6509999999999994
Ginglymostoma cirratum,2014,18.015606588150852,20607.520148125706,1.1438704573888505
Girella tricuspidata,2014,57.96912279857421,136760.8118142392,2.3592009885925496
Glycymeris glycymeris,2014,2392.7273823195333,899986.501380885,0.3761341588812468
Glyptocephalus cynoglossus,2014,5511.456126800136,14789851.89584767,2.6834744857951764
Glyptocephalus zachirus,2014,4747.33926428001,2634245.548958751,0.5548888339999997
Gnathanodon speciosus,2014,121.05254805893485,629753.7891342696,5.202317499567806
Gobiidae,2014,20483.133226428985,18149763.76713039,0.886083372426251
Gobionotothen acuta,2014,2.75874,13344.889611859171,4.837313270500001
Gobionotothen gibberifrons,2014,0.196361,287.28992734583903,1.463070199
Grammoplites suppositus,2014,12.7310493992,31052.502034208617,2.4391156660000006
Gymnocephalus cernua,2014,266.0027,82819.94478770274,0.31135001557391234
Gymnocranius,2014,126.53978458045377,672953.7112159448,5.318119621012015
Gymnocranius grandoculis,2014,4.727259602471131,37520.760221059376,7.93710592949999
Gymnosarda unicolor,2014,43.055425541299996,153299.98247454152,3.5605264736610676
Gymnothorax,2014,252.999962744,356925.1982990686,1.4107717425248247
Haemulidae,2014,8856.977309244132,15463386.04376533,1.745898798637094
Haemulon,2014,11.6595424954,22112.2885539801,1.8964971020693124
Haemulon aurolineatum,2014,54.18901657799675,112748.49933754033,2.080652251277825
Haemulon steindachneri,2014,12.9526316694585,16061.263270128537,1.2399999999999998
Haliotidae,2014,1017.3707361143989,32316173.76929168,31.764402711950883
Haliotis,2014,799.2536417867433,19402671.304831706,24.275987359227724
Haliotis tuberculata,2014,26.944631818181776,764826.1681557425,28.385103694000037
Haliporoides sibogae,2014,77.65820663373313,440062.0720867501,5.666652517000002
Haliporoides triarthrus,2014,1851,4575086.1642195005,2.4716835030899516
Harengula clupeola,2014,33.1204234969,13056.848146335762,0.3942234660000001
Harengula jaguana,2014,0.600453123749732,133.3005934724405,0.222
Harpadon nehereus,2014,111517.13009567451,33737715.70773502,0.3025339306955822
Helicolenus dactylopterus,2014,1841.1618473284473,7334083.3495685365,3.9833995909758824
Hemiramphidae,2014,10134.10446312948,7176910.91447347,0.7081938952361254
Hemiramphus,2014,24610.31679294171,26589937.128260147,1.0804386368519316
Hemiramphus brasiliensis,2014,253.3484599065,335254.78453697165,1.3232951353274447
Heptranchias perlo,2014,1.4716459016974475,2153.1223409704685,1.4630709320000026
Heterocarpus reedi,2014,5161.17,12738065.408540118,2.468057709500001
Hexanchus griseus,2014,43.51948502428725,75684.85129314527,1.7391026399073255
Hilsa kelee,2014,203.90604338965582,64305.53774317355,0.315368474
Himantura,2014,9403.92550546671,8409078.057268256,0.8942093440000001
Hippocampus,2014,2.8333190268,10485.1761376874,3.7006690875646084
Hippoglossoides elassodon,2014,17512.92958247198,4893820.397956388,0.27944041999999963
Hippoglossoides platessoides,2014,3673.4669602404188,4352636.132587314,1.184885063537483
Hippoglossus hippoglossus,2014,8546.014767059542,89128460.11350212,10.429242464808995
Hippoglossus stenolepis,2014,8372.999999999998,56482153.374888524,6.745748641453307
Holocentridae,2014,3.720956145602869,11805.04511308917,3.1725837798543894
Holothuria atra,2014,168,180936.0000000001,1.0770000000000004
Holothuria edulis,2014,168,180936.00000000003,1.0770000000000002
Holothuriidae,2014,148.0597966537738,372365.02585840574,2.5149637799999964
Holothuroidea,2014,3466.07878038593,5081271.492045773,1.466
Homarus americanus,2014,92926.586589816,768160076.8079988,8.266311127930562
Homarus gammarus,2014,4062.6078845971833,50447260.304420374,12.417457391269336
Hoplostethus atlanticus,2014,9800.122833141464,47503158.59218453,4.847200326055222
Hydrolagus,2014,673.5731794374057,1233710.4247967498,1.8315907795307296
Hydrolagus novaezealandiae,2014,1303.114116609047,2449664.997013156,1.8798545467281518
Hyperoglyphe antarctica,2014,1231.3630176737543,5269462.228635117,4.279373469076561
Hypoptychus dybowskii,2014,107.8855715284995,157844.16460543123,1.4630701990000068
Hyporhamphus,2014,33.76071100445131,36489.77916206018,1.0808356245000006
Hyporhamphus sajori,2014,1166.6640476244006,1706911.4003239768,1.4630701989999995
Hyporthodus flavolimbatus,2014,0.2345782988,1795.1516005275969,7.652675502000004
Hyporthodus niveatus,2014,1.298846636600001,8902.65112348652,6.8542743019999985
Ibacus ciliatus,2014,176.2786452145005,1619753.9260131516,9.188599810499975
Ilisha africana,2014,812.7663779984,228331.24043920063,0.28093096198382617
Ilisha elongata,2014,65525.34609326477,15284249.66931509,0.23325706128374238
Illex argentinus,2014,603536.8376005668,764627262.2295684,1.2669106748635857
Illex coindetii,2014,2776.408137687709,4280930.880552577,1.5418953800207083
Illex illecebrosus,2014,4749.477420878141,3462477.2263077204,0.7290227786086697
Inermiidae,2014,76.9999999916,112656.40531071022,1.463070199
Isacia conceptionis,2014,67.872,104923.618244592,1.5459043234999998
Isopisthus parvipinnis,2014,269.0277403210002,1157997.7511914305,4.304380469499999
Istiompax indica,2014,2382.3236327083987,5354854.127942787,2.2477441999998122
Istiophoridae,2014,711.2116585939295,1218199.395979045,1.712850712244276
Istiophorus albicans,2014,806.8349177081468,2151026.696235872,2.666005956145238
Istiophorus platypterus,2014,716.0893713215135,1244322.08629828,1.7376631131976374
Isurus,2014,3390.741982048442,3209089.8464169647,0.9464270249422706
Isurus oxyrinchus,2014,13928.658040837283,36574686.02219691,2.6258585654816127
Isurus paucus,2014,375.35692462227644,460434.48381001496,1.2266577585410272
Jasus edwardsii,2014,2180.5919343134883,45789837.919989124,20.99881101064654
Jasus lalandii,2014,1781,33528535.041514006,18.825679416908482
Jasus tristani,2014,356,7594192,21.332
Kajikia albida,2014,185.26264564718062,621901.6076050904,3.356864549961449
Kajikia audax,2014,1996.8846678992186,4825037.6316411905,2.4162825771591865
Kathetostoma giganteum,2014,2375.9399371689606,8769520.219032694,3.690968816948282
Katsuwonus pelamis,2014,1572977.626419619,2679709016.4026647,1.703590039295197
Konosirus punctatus,2014,5130.881655685904,3337390.2059625476,0.6504516046017437
Kyphosidae,2014,1.990040198104547,6631.604925391587,3.3323974720249323
Kyphosus,2014,1.8984627902780815,4587.932885473075,2.4166567335254685
Labridae,2014,1236.1037928356059,2521972.809555706,2.0402597453166402
Labrus bergylta,2014,202.7271102309069,319859.6318465051,1.5777842020348627
Lactarius lactarius,2014,25358.90188218804,24295279.816198207,0.9580572506281545
Laemonema longipes,2014,22872,22940421.759540044,1.002991507500002
Lagocephalus laevigatus,2014,8.589419888199991,33132.33220011757,3.8573422456194324
Lamna nasus,2014,158.1045760056565,515457.5206099115,3.2602315102598296
Lamnidae,2014,1.4118685455137263,2015.5189454297883,1.4275542520117666
Lamniformes,2014,0.1735113167999999,317.93012193967667,1.8323307539999998
Lampris,2014,28.83709330325846,119981.57863008471,4.160668253499993
Lampris guttatus,2014,1252.7448984421858,3899172.445368849,3.1125031522519477
Larimichthys crocea,2014,73052.2641089356,150602512.27001184,2.061572137523804
Larimichthys polyactis,2014,280049.29327392514,161904794.67804277,0.5781296313420028
Larimus breviceps,2014,103.2191699227,444294.5790932716,4.304380469499999
Lateolabrax japonicus,2014,5455.3329393888,26209096.61631007,4.804307437787008
Lates calcarifer,2014,71729.69654704789,364343549.49876225,5.079396219943401
Latridae,2014,454.82377483863763,552252.5937469348,1.2142122384496346
Leiognathidae,2014,333962.86719095317,222343091.07686368,0.6657718953818074
Leiognathus,2014,89759.55483091615,106305621.58772187,1.1843376650872905
Leiostomus xanthurus,2014,69.177769512,122061.8673636663,1.7644666519999999
Lepidocybium flavobrunneum,2014,541.6510630715514,1292533.0454561207,2.3862835939553557
Lepidonotothen mizops,2014,0.03626,53.05092541574,1.4630701989999997
Lepidonotothen squamifrons,2014,7.20259,48275.18457632359,6.702475717252209
Lepidoperca pulchella,2014,0.7883321571394964,1873.267643945142,2.3762415715
Lepidopsetta bilineata,2014,53187.42428852625,18419151.83971671,0.34630652049999994
Lepidopus caudatus,2014,12205.416745444249,34323604.332513474,2.8121616040128234
Lepidorhombus,2014,11609.507860105496,35465257.76236661,3.0548459236793466
Lepidorhombus boscii,2014,1,3481.0309759999986,3.4810309759999987
Lepidorhombus whiffiagonis,2014,2748.1771053889447,5495008.325015594,1.9995102623627654
Lepidorhynchus denticulatus,2014,2250.4725207008178,1368187.380943756,0.6079556041491633
Lepidotrigla cavillone,2014,362.9374259040571,531003.1979751297,1.463070932
Lepophidium brevibarbe,2014,10.2254369221,2801.7697166554,0.274
Lethrinidae,2014,40756.15606617971,84046791.95848529,2.0621864295055303
Lethrinus,2014,2265.6114032348983,5901749.115344425,2.6049255873790873
Lethrinus atlanticus,2014,255.5255441217,1002751.7424646806,3.9242720171533874
Lethrinus borbonicus,2014,37.2749771209,149286.28336920458,4.005000000000003
Lethrinus harak,2014,2.5332508723,10145.669743561499,4.005
Lethrinus lentjan,2014,174.50712234317527,723571.2307092733,4.146370766955525
Lethrinus mahsena,2014,26.6297172016,109248.14239240799,4.102489769806644
Lethrinus microdon,2014,8.5648005682,34302.02627564099,4.004999999999998
Lethrinus miniatus,2014,112.84217005429718,757017.6185715982,6.708641088764403
Lethrinus nebulosus,2014,392.7385015514575,1177033.331557009,2.9969899230844605
Lethrinus obsoletus,2014,18.5771730635,68159.64796998154,3.6690000000000023
Lethrinus rubrioperculatus,2014,1.7190034918076778,12657.461171243584,7.363255067000004
Lethrinus xanthochilus,2014,2.1110423936,8454.724786367997,4.004999999999999
Leuciscus idus,2014,35.19988643790851,12189.634301885038,0.3462975462545076
Leucoraja circularis,2014,104.86619340512392,241874.86292205032,2.3065094199388754
Leucoraja erinacea,2014,4126.82764316,959629.1815008284,0.23253434949999993
Leucoraja fullonica,2014,213.02203732421805,541652.8687950998,2.542708142306929
Leucoraja naevus,2014,2603.7552182874542,4464726.544526238,1.7147259132380288
Lichia amia,2014,1433.8521336520312,4206237.929767723,2.9335228026996107
Limanda aspera,2014,152159.99999999956,44038213.38959984,0.28942043499999975
Limanda ferruginea,2014,8328.336507480653,28425152.558626894,3.4130648459143
Limanda limanda,2014,7475.826146297633,7242013.814375327,0.9687242149099332
Limulus polyphemus,2014,115.321683672,153186.4048852386,1.3283399964999998
Liocarcinus depurator,2014,1.7581818181818178,2572.3434226054546,1.4630701990000001
Liparis tanakae,2014,4124,6033701.500676006,1.4630701990000015
Lithodes aequispinus,2014,3238,7558545.996523,2.3343255085
Lithodes antarcticus,2014,3449,7758509.569069004,2.249495381000001
Lithodidae,2014,1.414427046036057,1216.175408391142,0.8598360811888341
Lithognathus mormyrus,2014,3875.676767465936,25164052.54316638,6.492815075396391
Litopenaeus occidentalis,2014,1507.8432919416728,3171847.1597809233,2.1035655208549473
Litopenaeus schmitti,2014,416.176769515959,945498.3185074244,2.271867119366372
Litopenaeus setiferus,2014,44364.481311977084,186395922.0304174,4.201467401808574
Litopenaeus stylirostris,2014,9557.724516499095,26549829.100826055,2.7778399612788807
Litopenaeus vannamei,2014,5216.129202282447,14230317.039309058,2.7281373768660155
Littorina,2014,74.289753561,203591.96995144396,2.740512119000001
Liza,2014,2254.410179908601,8948236.617965348,3.969214075465242
Liza aurata,2014,35.976582592051514,54871.074981419515,1.5251886373872112
Liza haematocheila,2014,117821.41066,92775310.26635806,0.7874231835000003
Liza klunzingeri,2014,110.27633997800001,133387.8146876154,1.209577818
Liza ramada,2014,139.2743742243557,203768.2230620285,1.463070462149629
Liza saliens,2014,37.83402424242425,55353.833377334515,1.4630701990000012
Lobatus gigas,2014,1807.9933369379135,2647535.4876772463,1.4643502459811126
Lobotes surinamensis,2014,109.61204693697968,464348.990121285,4.236295216603862
Loliginidae,2014,210303.9165403999,680591381.2643569,3.2362278005108553
Loligo,2014,6860.925720047864,27281931.64767885,3.976421369489556
Loligo forbesii,2014,14.00000000000001,20482.993048000004,1.4630709319999993
Lophiidae,2014,24266.784773937943,76365249.35291131,3.1469043000260215
Lophius,2014,20130.703987237397,110396137.85267106,5.4839680680149465
Lophius americanus,2014,212.42669716674362,558048.8978726723,2.6270186625113023
Lophius budegassa,2014,17.164623787,147204.56189747553,8.57604359548877
Lophius gastrophysus,2014,1909.0169998411006,10596732.574938795,5.550884342999998
Lophius piscatorius,2014,4320.560366723328,26482719.900057204,6.129464155627907
Lophius vomerinus,2014,9489.249999999996,42643283.24001473,4.49385180493872
Lopholatilus chamaeleonticeps,2014,56.429566352,313515.5803049147,5.5558743505
Lota lota,2014,94.10731347464794,399699.08002997766,4.247269051386263
Lunarca ovalis,2014,63.298500423544304,212700.11851329776,3.360271050499997
Lutjanidae,2014,18464.571280697728,90931735.84744424,4.924660013227676
Lutjanus,2014,128358.03490955691,314844632.1068577,2.4528626690857505
Lutjanus analis,2014,8.3292681457,45561.48174824661,5.470046221500001
Lutjanus apodus,2014,11.3324302486,63018.1074589608,5.560864357999999
Lutjanus argentimaculatus,2014,701.6516373588373,857449.215217239,1.222044059420792
Lutjanus bohar,2014,16.522361198311525,66254.04912078811,4.009962518405592
Lutjanus campechanus,2014,2.240290888,15413.699417956326,6.880222340999999
Lutjanus erythropterus,2014,405.47211638048407,2516186.950252971,6.205573326999998
Lutjanus fulviflamma,2014,0.8487366266,2112.518823570639,2.489015741
Lutjanus gibbus,2014,13.4940541555,52734.76363969399,3.907999999999999
Lutjanus griseus,2014,0.226342408,1150.2321992562404,5.081823638
Lutjanus guttatus,2014,24.040244184156784,56729.411612010175,2.359768527201421
Lutjanus jocu,2014,2.5358884465,5805.702166070602,2.289415441
Lutjanus johnii,2014,5215.868905760608,15706943.756908556,3.0113762521065666
Lutjanus kasmira,2014,0.7360393176,2739.5383401072004,3.722000000000001
Lutjanus malabaricus,2014,6275.291194091859,22297174.14070898,3.55316963804032
Lutjanus purpureus,2014,2212.4368375379813,14935968.191454416,6.750912811628688
Lutjanus quinquelineatus,2014,4207.691681814843,13209640.157812828,3.1394030638944783
Lutjanus synagris,2014,165.6577001930274,635280.3186212588,3.8348976104401937
Lycodes,2014,1,1029.937548,1.0299375480000001
Macolor,2014,28.6842740881,96407.84521010416,3.3610000000000024
Macrodon ancylodon,2014,3529.4431784960098,12196291.479831861,3.455585162594692
Macrouridae,2014,2143.0590313623215,1398454.0176583799,0.6525503951094602
Macrourus,2014,1013.8533805993077,352323.0861841356,0.3475089129513686
Macrourus berglax,2014,149.71711804095312,100865.37055033295,0.6737063327838209
Macrourus carinatus,2014,1706.546138531209,572784.666621605,0.3356397191315259
Macrourus whitsoni,2014,1.50189,1043.226377093159,0.6946090439999993
Macruronus magellanicus,2014,66530,93266997.29018553,1.401878810915159
Macruronus novaezelandiae,2014,129985.74349332719,298188791.34358466,2.2940115071841873
Mactridae,2014,104.4497253015,407478.00069212064,3.9011878634999997
Mactromeris polynyma,2014,21045,30790312.33795493,1.4630701989999968
Maja squinado,2014,7.711049744728489,17065.358636181965,2.213104467112065
Makaira,2014,0.04329082107345454,63.46434369368436,1.4660000000000002
Makaira nigricans,2014,578.7760664653414,1079205.8247844637,1.8646345060107792
Malacanthidae,2014,193.54462315195636,337186.7494354198,1.7421654187245836
Malacostraca,2014,3007.0653458170154,7832919.021080607,2.604838312535045
Mallotus villosus,2014,264370.9645775372,111014676.09181906,0.41992007809639637
Mancopsetta maculata,2014,0.016852,24.655658993548,1.463070199
Marine finfishes not identified,2014,11398.500181663321,12249537.408996815,1.0746622111479676
Marine fishes not identified,2014,5780041.814563065,5449080005.994579,0.9427405857627859
Marine groundfishes not identified,2014,15260.765357930975,21183749.99287214,1.3881184525167347
Marine pelagic fishes not identified,2014,81073.01812089402,127457449.51866604,1.5721315484839204
Marsupenaeus japonicus,2014,3017.6477238139,12747033.961450655,4.224162370198773
Martialia hyadesi,2014,1e-6,0.0014630701989999998,1.4630701989999997
Maurolicus muelleri,2014,23.4,34235.842656600005,1.4630701990000001
Megalaspis cordyla,2014,96064.49946612942,68753525.75566827,0.7157017018540706
Megalops atlanticus,2014,121.45611056982281,140205.45844850838,1.1543713839568979
Megalops cyprinoides,2014,110.78493777756493,72212.38045182111,0.6518248951568653
Melanogrammus aeglefinus,2014,260236.76467733525,432031598.3017885,1.6601482071046334
Melicertus kerathurus,2014,3965.9390491178046,23945798.982646674,6.037863589450082
Melicertus latisulcatus,2014,6730.305373564731,36650433.513010934,5.445582552162696
Mene maculata,2014,3705.1846234974055,11549114.136053,3.1170144836538634
Menidae,2014,6672.272149440801,19724484.517796613,2.9561870493321694
Menidia menidia,2014,449,1282021.7488834998,2.8552822914999996
Menippe mercenaria,2014,5,5035,1.007
Menticirrhus,2014,987.2002589828003,1035528.425225045,1.0489547746797003
Menticirrhus americanus,2014,142.8731317030816,129776.16634071732,0.9083315021778737
Menticirrhus saxatilis,2014,0.04309124,42.5750709352914,0.988021485
Mercenaria mercenaria,2014,857.5529472825567,8860832.938454393,10.332694869200678
Meretrix lusoria,2014,302.4316939783002,780373.9731639791,2.580331323409417
Merlangius merlangus,2014,37681.4388695607,49274483.78523926,1.3076592949597658
Merluccius,2014,277133.6422277562,355812761.7988592,1.2839031701046322
Merluccius australis,2014,12502.293967151385,22973668.030608013,1.8375562189602317
Merluccius bilinearis,2014,8885.435248743363,16276473.43453124,1.8318149847339404
Merluccius capensis,2014,6463.22629482,14022972.933589749,2.169655261
Merluccius gayi gayi,2014,77681.65,66670538.5132696,0.8582533778990226
Merluccius hubbsi,2014,290187.1777716668,32083919.361540407,0.11056284294816629
Merluccius merluccius,2014,100132.9623040087,292678661.24561465,2.9229002569306552
Merluccius polli,2014,826.9711465177,881551.242187868,1.0659999999999998
Merluccius productus,2014,298216.488214176,51490900.85267206,0.1726628234441948
Merluccius senegalensis,2014,7630.027795054,23786927.645149156,3.1175414145369844
Metacarcinus magister,2014,3862,19868822.642915,5.1446977325
Metanephrops,2014,173,758086.0000000001,4.382000000000001
Metanephrops challengeri,2014,626.5429847681509,5188391.980726326,8.280983279457297
Metapenaeus,2014,66664.50487485318,323919288.7727788,4.858946892065884
Metapenaeus endeavouri,2014,144.20299518588487,1397988.4206270585,9.69458657100001
Metapenaeus joyneri,2014,1538.4402646731,7687981.013751573,4.997256760817539
Metapenaeus monoceros,2014,1376.8893640448007,6022150.568121358,4.373735991707037
Meuschenia scaber,2014,312.8744435977838,1326634.6117580694,4.240150127005983
Microchirus,2014,2,2926.1403980000005,1.4630701990000001
Microchirus variegatus,2014,47.30913333333333,310383.9082252896,6.560760816275567
Microcosmus sulcatus,2014,2.4166666666666665,3535.7529809166713,1.4630701990000021
Microgadus tomcod,2014,3.1740541797136137,5457.965764286286,1.7195565844999985
Micromesistius australis,2014,37977.448621234886,18805041.895890985,0.4951633819175585
Micromesistius poutassou,2014,1063733.7036207588,1086575356.4380555,1.021473093067887
Micropogonias,2014,0.0251465301767572,15.766874420826763,0.627
Micropogonias furnieri,2014,46858.07051690686,67138596.48593794,1.4328075344398499
Micropogonias undulatus,2014,908.702626016,1316799.3197036013,1.4490981780000005
Microstomus kitt,2014,7740.822827322043,31987139.269187417,4.13226603718218
Microstomus pacificus,2014,6399.255955080005,4240614.1159237055,0.6626729959999995
Miichthys miiuy,2014,53536.6816902269,107751892.26884021,2.012674093107087
Miscellaneous aquatic invertebrates,2014,155736.07854968114,253757457.06800196,1.6294070033813723
Miscellaneous marine crustaceans,2014,531790.5815840907,386996889.286536,0.7277242258291878
Mizuhopecten yessoensis,2014,7715.79397189,15383938.093914231,1.9938243750365334
Mobula mobular,2014,4.75,2066.25,0.435
Mola mola,2014,283.8446446007998,415284.6406611761,1.4630701989999986
Mollusca,2014,58805.109090880476,106739418.63775454,1.815138519219374
Molva dypterygia,2014,4015.37462070035,7496608.249119958,1.866976050123169
Molva macrophthalma,2014,3,4389.210596999998,1.4630701989999995
Molva molva,2014,40755.76984648358,97370032.90413572,2.389110382920097
Monacanthidae,2014,147817.69375925369,283948725.3853421,1.9209386790176892
Monotaxis grandoculis,2014,3.5586143206,12690.018667259596,3.565999999999999
Moolgarda seheli,2014,135.6985356779,164679.6480596868,1.2135698239999997
Mora moro,2014,1076.4764824854294,1621236.8740688069,1.5060587950101836
Morone americana,2014,0.063956472,94.01960880131287,1.4700562094999998
Morone saxatilis,2014,38.2604852,169040.66371319123,4.418152640500002
Mugil,2014,4298.607327282354,4298034.004939652,0.9998666260258147
Mugil cephalus,2014,106989.862305375,151095940.13960788,1.4122453930106336
Mugil curema,2014,1.78942044,1773.3433732679068,0.9910154895000008
Mugil liza,2014,4024.1735979270993,6630377.04188886,1.647636932289464
Mugilidae,2014,113251.5301366883,178902810.37260807,1.5796944214058948
Mullidae,2014,71295.49621533568,213732824.51912946,2.9978446867609496
Mulloidichthys flavolineatus,2014,37.7358519511,186000.0142669719,4.929
Mullus,2014,1432.9180716071996,7874640.553478873,5.49552742024285
Mullus argentinae,2014,228.9268389391005,1692729.2559788176,7.394193113499988
Mullus barbatus barbatus,2014,12232.913086984436,69666831.05484256,5.695031964950901
Mullus surmuletus,2014,9779.59426722195,60194073.78412182,6.155068619346814
Muraena helena,2014,5.37249109717951,13469.99758922659,2.5072163630570126
Muraenesocidae,2014,13859.975920317796,45086139.21676623,3.252973849014627
Muraenesox,2014,2174.9511132721323,9900127.003506968,4.551884841500001
Muraenesox cinereus,2014,297702.20980817947,1211671934.2575042,4.0700804170658635
Muraenidae,2014,673.7192006806592,1991518.7094967684,2.9560070538062964
Muraenolepis,2014,0.120878642354408,121.4750321531705,1.004933789684814
Muraenolepis microps,2014,0.0026,3.803982517400006,1.4630701990000023
Murex,2014,40.381249999999994,280838.5137463125,6.954676087201673
Mustelus,2014,3965.8214840379937,8765635.840060221,2.210295111704086
Mustelus asterias,2014,29.557686288699998,140280.7619885769,4.745999420198418
Mustelus henlei,2014,0.06404719266828199,122.78877235352373,1.9171608814999983
Mustelus lenticulatus,2014,1083.1490890034954,3577724.8972440036,3.303077049656696
Mustelus mustelus,2014,763.5804574779252,2103001.9474967397,2.7541327530079394
Mustelus schmitti,2014,711.6012160914,2274560.5762093086,3.1963978205416073
Mya arenaria,2014,73.1155571964,106973.23826333284,1.4630708205640246
Mycteroperca,2014,6.2908831986,44789.469736075924,7.119742701000006
Mycteroperca acutirostris,2014,0.007484219,10.949937781689586,1.4630701990000008
Mycteroperca bonaci,2014,2.7103661404999997,21791.072960676705,8.039900084000001
Mycteroperca microlepis,2014,1.4331759453,11999.076197946692,8.37236784310874
Mycteroperca phenax,2014,0.239496576,1946.3231024621916,8.1267262145
Mycteroperca rubra,2014,0.4159878001,2359.334096720366,5.671642524500001
Mycteroperca xenarcha,2014,0.24410862432041797,1365.979610636594,5.595785951599988
Myctophidae,2014,5.081247558280685,14490.865616856592,2.851832242111776
Myliobatidae,2014,11957.045964194986,5759896.238847445,0.4817156558647747
Myliobatis aquila,2014,2.770333333333334,4317.582933797999,1.5585066539999994
Myripristis jacobus,2014,112.5931239875,685333.082331558,6.0868111485000025
Mytilidae,2014,6619.133886871787,27396898.8899737,4.139045887002222
Mytilus,2014,1228.2348484848474,1796993.8041914618,1.4630701990000012
Mytilus coruscus,2014,2495.3895335927027,2852093.5473800637,1.1429452231747566
Mytilus edulis,2014,37109.54352560213,54810600.14756289,1.4769947280474813
Mytilus galloprovincialis,2014,496,876947.3398520004,1.7680389916370975
Mytilus platensis,2014,72,116766.17550000001,1.6217524375000003
Naucrates ductor,2014,13.180749860504175,34135.7062043241,2.589815190000001
Nebris microps,2014,3.7449160282,14889.92834505429,3.9760379760000006
Nebrius ferrugineus,2014,33.8832,22115.326813819196,0.6526929809999998
Necora puber,2014,2014.0776323584623,7579670.702339824,3.7633458515023155
Nemadactylus,2014,4867.932860617872,6960814.61646749,1.4299323379706543
Nemadactylus bergi,2014,1784.4195783285,2479517.8340963703,1.3895374519590187
Nemadactylus macropterus,2014,329.2796414274033,597105.4037083066,1.8133687254999977
Nematalosa nasus,2014,6.4746479802,1621.888807449104,0.25049837649999995
Nematopalaemon schmitti,2014,695,5748345.000000001,8.271000000000003
Nemipteridae,2014,204581.47505855476,163703347.35195214,0.8001865628600899
Nemipterus,2014,469124.8261329965,1130510621.7776003,2.409829023751349
Nemipterus japonicus,2014,4389.369426157629,13010437.944065923,2.964079046646801
Nemipterus virgatus,2014,10413.9270388207,23548629.73229738,2.261263176178742
Neocyttus rhomboidalis,2014,51.99281964786935,247795.4476632324,4.765955171146157
Neopagetopsis ionah,2014,0.001908000000000001,2.7915379396919997,1.463070198999999
Nephrops norvegicus,2014,46628.79536757714,397167907.46546763,8.517653186932517
Netuma thalassina,2014,81980.40420923443,97591619.04850379,1.1904261754970815
Notarius grandicassis,2014,4.4925083735,8455.93776014235,1.8822308290000007
Notopogon lilliei,2014,11.911463588748079,30105.375975239705,2.5274287874815093
Notorynchus cepedianus,2014,39.28777540416929,78708.65379006311,2.0033878981529307
Notoscopelus,2014,674.8772291970245,987392.7620218595,1.4630701990000003
Notothenia coriiceps,2014,0.04551,66.58432475649,1.463070199
Notothenia rossii,2014,1.64032,2399.90330882368,1.463070199
Nototheniidae,2014,7283.929718340864,18835650.73582834,2.5859187916654873
Nototodarus sloanii,2014,11910.669491175524,17426145.920125328,1.4630702273315666
Oblada melanura,2014,247.1655291575932,1867828.7899722895,7.556995493418333
Octopoda,2014,185531.86209671793,365826810.0922406,1.9717735054129664
Octopodidae,2014,41238.417637866434,39673970.09736059,0.9620633469925064
Octopus,2014,10611.207102270304,18782711.2607868,1.7700824307508027
Octopus vulgaris,2014,3472.081190876761,20307860.801411565,5.848901475798576
Ocyurus chrysurus,2014,215.70666531583043,753969.9150460893,3.4953482496340667
Odontognathus mucronatus,2014,15.574492753623122,4849.532974135624,0.3113766239999995
Ogcocephalus,2014,1.8490441493,785.8437634524998,0.4249999999999999
Ommastrephes bartramii,2014,1.0000000000000002,1463.070932,1.463070932
Ommastrephidae,2014,572.7234777913845,1480706.8076800657,2.5853782236938705
Oncorhynchus,2014,5900.000000000001,19448753.831550006,3.2963989545000003
Oncorhynchus gorbuscha,2014,72038.67247485225,54635597.15345408,0.7584203772290036
Oncorhynchus keta,2014,20007.335652673373,28976579.653301492,1.448297772193853
Oncorhynchus kisutch,2014,9847.339624207967,23417893.850846555,2.378093449044628
Oncorhynchus masou masou,2014,34.8816556859,46846.063586163684,1.3429999999999995
Oncorhynchus nerka,2014,75971.39761021768,189367012.17932844,2.4926092995011553
Oncorhynchus tshawytscha,2014,3330.781300059969,22121875.902634174,6.641647682553003
Ophichthidae,2014,1.1639816593,1916.7314792239167,1.6467024749999999
Ophidiidae,2014,82.15460917372849,74863.1529624945,0.9112471438356539
Ophiodon elongatus,2014,254.153947888,548889.9899268874,2.1596752459999995
Opisthonema libertate,2014,345509.074197959,165751794.7141067,0.4797321028365797
Opisthonema oglinum,2014,7240.877799753201,2744046.091445687,0.3789659440930236
Orcynopsis unicolor,2014,1837.3919009320289,3199824.415292275,1.7415034939846767
Oreosomatidae,2014,7927.175598178605,30361275.10937507,3.830024292176782
Orthopristis chrysoptera,2014,12.640248264,55695.16640343302,4.406176622500001
Osmeridae,2014,28684.999974255006,44016287.255072825,1.5344705349338594
Osmerus eperlanus,2014,3075.6035350020998,1862849.8066993556,0.6056859362720441
Osmerus mordax mordax,2014,124,663064.2125880001,5.347292037000001
Ostraciidae,2014,1.5406760601257758,2040.9767738373619,1.324728037684147
Ostrea edulis,2014,380.45339230547836,1594265.2642953258,4.190435140121549
Ostrea lutaria,2014,1077.5904059954105,1576712.4374474941,1.4631834402710981
Ostreidae,2014,50.5935424008976,74021.94123366277,1.4630709320000002
Otolithes ruber,2014,318.1972676064995,579231.9030697516,1.8203547360000025
Pagellus,2014,4165.446588780839,11219603.83260215,2.6934936251063424
Pagellus acarne,2014,655.8992459297724,2364379.8263294697,3.604791194686974
Pagellus bellottii,2014,1753.0484031257,6284240.503834279,3.5847501373204675
Pagellus bogaraveo,2014,952.9643229002598,12390597.112567922,13.002162635908837
Pagellus erythrinus,2014,3965.6941733263693,25648176.031929076,6.467512347381982
Pagrus,2014,7732.568156246769,87978017.25275429,11.377593507750863
Pagrus auratus,2014,6923.67791726665,37517992.003413066,5.418795104527989
Pagrus caeruleostictus,2014,5.575,8156.616359425001,1.4630701990000001
Pagrus major,2014,6045,104930561.34102754,17.358240089500008
Pagrus pagrus,2014,959.2066239719696,9761934.275945187,10.177092225992025
Palaemon,2014,124,181420.704676,1.463070199
Palaemon longirostris,2014,8.096264863636364,191308.41350461007,23.629218748000003
Palaemon serratus,2014,214.69577950320368,4894184.376702569,22.795903990416072
Palaemonidae,2014,9.623156978194995,133840.30017930263,13.908148903999995
Palinuridae,2014,1493.0184049503844,17170101.644117232,11.500261207220566
Palinurus,2014,154.52422250462237,1986375.8923315145,12.854786519130325
Palinurus delagoae,2014,5,122958.77480750001,24.5917549615
Palinurus elephas,2014,122.0682886232324,734007.761861345,6.013091279807182
Palinurus gilchristi,2014,774,19034018.340200998,24.591754961499998
Palinurus mauritanicus,2014,1.3785549838290925,47273.153371996515,34.291815652278146
Pampus,2014,251740.13487563215,311135121.4795995,1.2359376927851031
Pampus argenteus,2014,56577.27837369613,81635099.94788219,1.442895492580568
Pampus chinensis,2014,1899.6854114228977,2532162.149405893,1.3329376191341382
Pandalus,2014,6290.8877809036,31251170.481169403,4.967688435968349
Pandalus borealis,2014,214120.1253410873,559746150.1096542,2.614168795287199
Pandalus goniurus,2014,205,310977.26739999984,1.5169622799999993
Pandalus hypsinotus,2014,845,1281833.1265999996,1.5169622799999996
Pandalus jordani,2014,41311.80765584,31251768.47424577,0.756485137
Pandalus kessleri,2014,14,20482.98278600001,1.463070199000001
Pandalus montagui,2014,19,27798.339645000004,1.463070507631579
Panopea abrupta,2014,3653.207235672002,12749909.044143759,3.4900590690958797
Panulirus,2014,1315.5364409716738,8212415.381098453,6.242636178920781
Panulirus argus,2014,9970.573507911402,93181708.62695815,9.345671896708929
Panulirus gracilis,2014,61.261063568233354,303098.7919374837,4.947658011191536
Panulirus homarus,2014,750.9586462906,4107158.807805372,5.4692210124923655
Panulirus longipes,2014,1942.9554608043777,11937228.265615331,6.143850698807761
Panulirus penicillatus,2014,199.1198641766,291909.72088289564,1.4660000000000002
Panulirus polyphagus,2014,169.416,689835.8822659199,4.07184612
Panulirus versicolor,2014,199.1198641766,291909.7208828956,1.4659999999999997
Paphia,2014,81.86830617217792,130833.83477239011,1.5981011564747947
Paracentrotus lividus,2014,27.7,193989.59066399996,7.003234319999999
Paralabrax humeralis,2014,945.5,3226204.019996749,3.412167128499999
Paralichthyidae,2014,740.9078324931884,671841.4355171898,0.9067813917642266
Paralichthys,2014,16.097072896,76790.23584200689,4.77044717
Paralichthys californicus,2014,88.6091972000001,422705.4940187123,4.77044717
Paralichthys dentatus,2014,3263.096849575998,15563174.555945221,4.769449168500002
Paralichthys olivaceus,2014,9167.5201848035,33495604.83413465,3.6537257795907006
Paralithodes camtschaticus,2014,12606.028850041803,59758969.5815787,4.740507124999998
Paralithodes platypus,2014,7391.212696041822,35038096.44797671,4.740507124999999
Paralomis granulosa,2014,0.25,365.76754975000017,1.4630701990000008
Paralonchurus brasiliensis,2014,118.8913481541001,511753.5969870332,4.304380469499999
Paralonchurus peruanus,2014,366.84,826303.20617682,2.2524893855
Parapenaeopsis,2014,9943.091304195787,21027303.25675939,2.114765178499999
Parapenaeopsis sculptilis,2014,460,516924.85694,1.123749689
Parapenaeus longirostris,2014,16743.854427184964,159768225.2453554,9.541902429942244
Parapercis colias,2014,1694.604219892565,2415214.1093824897,1.4252378703126387
Parapristipoma octolineatum,2014,30.000000002,43892.12796292615,1.4630709320000002
Parastromateus niger,2014,72822.13512932569,123383863.64561726,1.6943181276750316
Paristiopterus labiosus,2014,3.176390290332833,4527.111732675705,1.4252378703126367
Parona signata,2014,284.2669404868,455419.47955395037,1.6020838679800609
Parophrys vetulus,2014,280.7959959259671,184394.51493429582,0.6566849870000003
Parupeneus,2014,3.758480440096156,36418.15915633763,9.689596563499986
Patagonotothen ramsayi,2014,57083.25,313221522.7890386,5.487100380392472
Pecten jacobaeus,2014,50.15,995202.226092401,19.844510988881375
Pecten maximus,2014,39112.4250925603,130883834.3839324,3.3463492502495895
Pecten novaezelandiae,2014,366.8730785334419,1067808.4942393196,2.9105665057458956
Pectinidae,2014,258947.5887050392,1146815633.7011266,4.428755793541819
Pelecus cultratus,2014,323.4405,265013.9595159758,0.8193592315000002
Pellona ditchela,2014,1818.569954092261,611633.2776671455,0.33632650549999993
Pellona harroweri,2014,1.6427106884,965.7683767518431,0.5879114220000001
Penaeidae,2014,294699.1073359948,775162270.3628598,2.630351606321886
Penaeus,2014,46435.79614362058,423796999.47090626,9.126515203059098
Penaeus monodon,2014,90069.80535090614,443581199.01259565,4.924860193540243
Penaeus penicillatus,2014,84.82374735799989,603834.3507612417,7.118694582222945
Penaeus semisulcatus,2014,6555.888184736872,45108761.146769434,6.8806483386628905
Pennahia,2014,20760.91697199262,47654680.442675486,2.2954034500000033
Pennahia argentata,2014,83743.3586420246,31057215.417553842,0.37086183216406754
Pentaceros decacanthus,2014,4.1506565269602,22279.81367192748,5.367780621501934
Pentanemus quinquarius,2014,854.3632477397,10179531.207569668,11.914757843927152
Peprilus paru,2014,355.8993746296993,868893.7829399034,2.441402949482439
Peprilus triacanthus,2014,2514.876433935998,5767636.341873625,2.293407447000001
Perca fluviatilis,2014,4006.6397379010496,8777362.542236045,2.190704210115538
Perciformes,2014,243313.1176264058,185586470.1345704,0.762747491565697
Percophis brasiliensis,2014,579.0892871959996,940873.2589720173,1.6247464420000013
Peristediidae,2014,3113.3379203035397,11229526.565883,3.6069090003529585
Petromyzon marinus,2014,52.19995103811552,76372.22727123281,1.4630708602670357
Petromyzontidae,2014,35.5329,246637.42755797933,6.941100432500003
Phycis,2014,931.6695647536,2815382.7267617476,3.0218683031749958
Phycis blennoides,2014,3251.5429788963775,7377040.479209713,2.2687814760835763
Phycis phycis,2014,239.40657770509236,1070276.8468336263,4.470540688953095
Pinguipedidae,2014,53.227902552,86481.84528648475,1.6247464420000004
Placopecten magellanicus,2014,140678.56026140333,445491409.27440965,3.166732787473906
Plagiogeneion rubiginosum,2014,211.2299543071336,1030691.2231679953,4.879474724826881
Platax,2014,0.4243683133,206.25434384099867,0.4860267305
Platichthys flesus,2014,21023.98752464697,13993926.79253171,0.6656171564089002
Platichthys stellatus,2014,20.312303352,20048.72041239976,0.9870234834999998
Platycephalidae,2014,49137.494921064535,44800407.76093744,0.9117356884575765
Platycephalus indicus,2014,2714.3023923306,6795775.37863407,2.503691334405437
Plectorhinchus,2014,2388.9235205741206,8902262.58999753,3.726474503402304
Plectorhinchus gaterinus,2014,57.2786089181,203797.29053059983,3.5580000000000003
Plectorhinchus macrolepis,2014,542.4678711738,1119111.2182315495,2.0630000000000006
Plectorhinchus mediterraneus,2014,4458.6970406693,8688141.646203155,1.948583087605111
Plectorhinchus pictus,2014,0.2237445661,796.0831661837997,3.5579999999999985
Plectorhinchus schotaf,2014,18.7433345368,64923.619011143586,3.4638243736019785
Plectropomus areolatus,2014,3.3049020719,12287.625903324206,3.7180000000000017
Plectropomus pessuliferus,2014,2.7265442093,22499.442815143604,8.252000000000002
Pleoticus muelleri,2014,127483.1453774472,375566936.9925193,2.9460124778107346
Pleoticus robustus,2014,400.20467519199997,1907957.0455919993,4.767453165499999
Plesiopenaeus edwardsianus,2014,46.53968715443004,84589.39205075048,1.8175754334158334
Pleurogrammus azonus,2014,42070.3782318345,21489176.550849352,0.5107911422243543
Pleurogrammus monopterygius,2014,87255.30003152628,28057180.85239975,0.32155274054713456
Pleuroncodes monodon,2014,11332.23,31926951.50574794,2.8173582345000003
Pleuronectes platessa,2014,93554.78476400708,185276393.51503944,1.9804053206086794
Pleuronectidae,2014,26504.073948711404,30377714.79658666,1.1461526577148562
Pleuronectiformes,2014,118622.48548899943,220677150.6529839,1.8603315361609802
Pleuronichthys decurrens,2014,1.46510216,978.1945085799375,0.6676630035
Plotosus,2014,1828.8222107731772,3809124.1751037864,2.0828291305000013
Pogonias cromis,2014,992.0518705921002,1791749.1894297763,1.8061043404518573
Pollachius pollachius,2014,6413.002886612167,21536001.159842927,3.358177368795771
Pollachius virens,2014,225656.759885805,408208913.2666539,1.8089815411389873
Pollicipes pollicipes,2014,8.233333333333333,12045.944638433331,1.463070199
Polydactylus quadrifilis,2014,6974.1224744153,80201631.50077675,11.499888594586338
Polymixia nobilis,2014,0.59160765832975,866.0464199262301,1.4638864249514387
Polynemidae,2014,68057.74611206875,514476749.59903103,7.559415040748731
Polyprion americanus,2014,71.98280158139995,1098053.58436087,15.254387995987674
Polyprion oxygeneios,2014,1162.945320278202,1742432.3618717266,1.4982925950937218
Pomadasys,2014,14181.38651511834,9032051.78781095,0.6368948324045859
Pomadasys argenteus,2014,372.09345536232087,607805.2193722568,1.633474630131333
Pomadasys corvinaeformis,2014,10.8939352451737,18726.674686453593,1.719
Pomadasys incisus,2014,34.1580717463,77197.73977627193,2.260014568434589
Pomadasys jubelini,2014,224.5443599175,232120.61166266055,1.0337405568678908
Pomadasys kaakan,2014,257.45858817619967,353041.1345759408,1.3712540610000017
Pomadasys stridens,2014,116.6246382352,165038.28949867387,1.415123699383631
Pomatomus saltatrix,2014,9348.209121413782,35122531.27027671,3.757140091124206
Porichthys porosissimus,2014,115.1362945849,249691.1610834737,2.168657259499998
Portunidae,2014,26318.21625358263,25721644.151709273,0.9773323504858675
Portunus,2014,6301.9813976009655,10808709.451347016,1.7151287459308702
Portunus pelagicus,2014,118592.36238351002,167766721.08679304,1.4146503005333555
Portunus sanguinolentus,2014,27.504055868922922,90115.35923056168,3.276438924499998
Portunus trituberculatus,2014,457136.21052726114,687694229.1895298,1.5043529988498239
Priacanthidae,2014,46064.61232653107,14820136.166062986,0.3217249731965568
Priacanthus,2014,100043.43996656663,421330036.4118992,4.211470902566954
Priacanthus arenatus,2014,60.013990713717696,125477.20348785183,2.090799195247832
Priacanthus macracanthus,2014,2631.2624484443004,6517811.937844864,2.477066452150539
Prionace glauca,2014,105833.64824211369,160222976.96161908,1.5139133878771704
Prionotus,2014,9.82443939580001,2691.8963944492016,0.2739999999999999
Prionotus stephanophrys,2014,6677.325,2698912.0482249376,0.4041906075000001
Pristidae,2014,2.7602819671,3345.6701724969,1.2120755098117455
Pristiophorus,2014,177.77068291972566,363524.171422106,2.0449050734999954
Pristipomoides,2014,4948.752274386555,17187310.447286174,3.4730593681650204
Pristipomoides filamentosus,2014,3.4380069836153653,29710.207720736893,8.641694988499998
Pristipomoides macrophthalmus,2014,4.28895088392666,17919.236793045584,4.178
Pristipomoides multidens,2014,515.7010475423043,4319628.826656855,8.376226589500003
Promethichthys prometheus,2014,1.9999850977,2151.67627941783,1.0758461560000003
Protrachypene precipua,2014,5655.232540291631,25013900.233321294,4.423142648
Psenopsis anomala,2014,6027.94187380108,9445774.13471936,1.5669982114082788
Psettichthys melanostictus,2014,30.8782754,50169.36809124613,1.6247464420000002
Psettodes belcheri,2014,0.4939814846,784.7839932680547,1.5886911103632377
Psettodes erumei,2014,6389.963141256753,8405986.742372613,1.3154984710474178
Psettodidae,2014,6234.624091899338,12116504.318685008,1.9434217909669984
Pseudocaranx dentex,2014,2557.5988576249424,4802246.55419676,1.8776386843776822
Pseudochaenichthys georgianus,2014,2.0516,2996.9242531883992,1.460774153435562
Pseudocyttus maculatus,2014,93.50106992450362,720976.3608570071,7.710888885433624
Pseudopentaceros richardsoni,2014,18.264244169413736,30743.768504282143,1.6832762538165842
Pseudopentaceros wheeleri,2014,1,1463.0701989999998,1.4630701989999997
Pseudophycis bachus,2014,4411.21201569971,6456474.599806989,1.4636509369370807
Pseudopleuronectes americanus,2014,1916.9245638794746,5764775.263961181,3.007304185353241
Pseudopleuronectes herzensteini,2014,30447.258014583087,29702644.1129648,0.9755441392698928
Pseudotolithus,2014,14006.797794353006,24240863.78064198,1.73064994130314
Pseudotolithus elongatus,2014,1308.804415262,1104282.177284043,0.8437335360478478
Pseudotolithus senegalensis,2014,243.0705818211,265139.1754576664,1.090790886627362
Pseudupeneus prayensis,2014,650.7629780709,148353.19688536364,0.22796809573454363
Pterogymnus laniarius,2014,700,4108472.7750499994,5.869246821499999
Pteroscion peli,2014,574.8947456887,2790116.132416363,4.853264277226815
Pterygotrigla polyommata,2014,99.90284218258418,131508.50279892414,1.3163639785
Rachycentridae,2014,394.30155524381826,712669.615184931,1.8074227851935514
Rachycentron canadum,2014,79852.69809574212,159341449.97723433,1.9954422803120124
Raja,2014,3582.446749898681,8222336.943854158,2.2951735274464866
Raja asterias,2014,7.75,46170.8792155,5.957532801999999
Raja brachyura,2014,6915.132907327731,26757851.930581845,3.869463145419441
Raja clavata,2014,3824.1651779669337,9165735.677501582,2.396793875513092
Raja microocellata,2014,204.6932306167999,779442.3605297549,3.8078560692069283
Raja miraletus,2014,2.0523781844999998,3067.2279940398716,1.4944750520173307
Raja montagui,2014,1443.19732588988,4474742.97421509,3.100575987733313
Raja undulata,2014,20.368389757599996,47351.85581869277,2.3247716870217743
Rajidae,2014,5909.71894935673,8384268.372107741,1.4187253986114459
Rajiformes,2014,9243.985748879417,12260912.599932889,1.326366454147681
Ranina ranina,2014,859.5947505987408,3754047.496977929,4.367229434990256
Rastrelliger,2014,128320.719642901,91950146.35161081,0.7165650770000003
Rastrelliger brachysoma,2014,310089.31236222223,296455518.4796897,0.9560326869098713
Rastrelliger kanagurta,2014,324477.50751011877,223614602.411704,0.6891528603249352
Reinhardtius hippoglossoides,2014,95714.87279495716,354910206.39412636,3.707994338083947
Rexea solandri,2014,708.3633308687303,1167703.1457737982,1.648452277084611
Rhabdosargus haffara,2014,16.8005320128,17102.941589030397,1.0179999999999998
Rhincodon typus,2014,1.69416,1105.76634069096,0.6526929810000001
Rhinobatidae,2014,913.0894715120893,692357.4391007704,0.7582580466667922
Rhinobatos,2014,106.6917314319,219052.69343226333,2.0531365504371997
Rhinobatos percellens,2014,38,69742.340823,1.8353247585
Rhizoprionodon terraenovae,2014,1.488688944,1323.7709950385658,0.8892193365000002
Rhomboplites aurorubens,2014,21.871933895576202,75754.92175583931,3.4635676075795674
Rhynchobatus djiddensis,2014,1070.794898372801,786269.0948369383,0.734285432281912
Rostroraja alba,2014,3.8312583333333334,9852.7684690624,2.5716794879999996
Ruditapes,2014,86.65151515151516,189992.91759037122,2.1926092955
Ruditapes decussatus,2014,7.053030303030303,14743.981171287876,2.09044631
Ruditapes philippinarum,2014,17497.962693279947,38729519.46179598,2.2133730732361183
Rutilus rutilus,2014,2850.7543319779475,4552699.693657012,1.5970157942365375
Ruvettus pretiosus,2014,25261.87627741698,29251966.004575055,1.1579490645643389
Salilota australis,2014,3519,5322674.111952003,1.5125530298243828
Salmo,2014,2.82,4125.85796118,1.463070199
Salmo salar,2014,602.9421182812645,3369238.4619760923,5.587996525405093
Salmo trutta,2014,263.8203669150692,1610699.9638825424,6.105290439540135
Salmonidae,2014,6609.469925992245,28062951.06905866,4.2458701504486704
Salvelinus,2014,22,97133.489992,4.415158636
Salvelinus alpinus alpinus,2014,15.71938406070961,86158.32504318014,5.4810242379999945
Sander lucioperca,2014,1744.50263892382,10369830.65212853,5.944290607967012
Sarda chiliensis,2014,1224.78,2032738.5769337076,1.6596764944999982
Sarda orientalis,2014,413,163548.00000000003,0.3960000000000001
Sarda sarda,2014,51279.44263440328,120951080.79108772,2.3586660575351472
Sardina pilchardus,2014,1221005.7621949853,625221042.478128,0.5120541293385682
Sardinella,2014,526402.8104456895,163009238.25717297,0.30966635250134383
Sardinella aurita,2014,102499.81029820512,79426964.31788628,0.7748986470004924
Sardinella brasiliensis,2014,92130.6600014287,95355233.10147873,1.0350000000000001
Sardinella fimbriata,2014,53736.333164207856,30374702.264388125,0.5652544651971115
Sardinella gibbosa,2014,7.529506359,46048.602549238545,6.115753191999999
Sardinella lemuru,2014,129043.73836907375,87919610.63242975,0.681316364076293
Sardinella longiceps,2014,275418.14217676985,67164380.54750046,0.24386331276751108
Sardinella maderensis,2014,64230.15534005162,29064178.03431116,0.4525005097751613
Sardinella zunasi,2014,1746.257987169,903474.357122502,0.5173773656361036
Sardinops sagax,2014,601418.2395462418,135293743.73984554,0.22495783274202324
Sarpa salpa,2014,1360.389254566972,1778262.5533972625,1.3071718608680898
Saurida,2014,59555.33487305553,16334947.386418419,0.2742818493294847
Saurida tumbil,2014,28335.20298396852,13106147.50603485,0.46253939008130773
Scardinius erythrophthalmus,2014,5.4644,3913.9572295504004,0.7162647737263744
Scaridae,2014,1150.8443833087695,2058775.923209869,1.7889264205215338
Scarus,2014,138.8350120332,573351.1429827146,4.129730207000001
Scarus persicus,2014,10.0629524645,32960.60630842699,3.275440922999999
Scatophagus,2014,216.69192681512743,197986.95365551248,0.9136794183588886
Schedophilus pemarco,2014,9.8398641806,46532.7177100574,4.729
Sciades couma,2014,408.0893640918995,768118.3820807798,1.8822308290000023
Sciades parkeri,2014,183.6703248063,345709.94772286137,1.8822308290000005
Sciades proops,2014,226.2278547637005,425813.04261477076,1.8822308289999965
Sciaena umbra,2014,9.479451510799999,21176.205474901915,2.233906197080678
Sciaenidae,2014,732993.8251505122,963303083.7073398,1.3142035453157277
Sciaenops ocellatus,2014,0.146056624,584.2250371864397,3.999990012000002
Sclerocrangon,2014,82,210564.34447900005,2.567857859500001
Scolopsis,2014,12.074691337339239,26378.67598600964,2.184625283499993
Scolopsis taeniata,2014,248.2514830089,670746.8897554803,2.701884724416464
Scomber,2014,445652.97247096087,732822347.802334,1.6443789070655987
Scomber australasicus,2014,10003.8227681204,10493108.78285038,1.0489099043506855
Scomber colias,2014,201246.48396704515,88852374.66077292,0.4415101963983769
Scomber japonicus,2014,906936.570747055,464843192.8850766,0.5125421202302819
Scomber scombrus,2014,1065444.210821161,1241448446.0200343,1.16519329065876
Scomberesocidae,2014,164.1,240089.8196559001,1.4630701990000008
Scomberesox saurus saurus,2014,957,1624603.7277855002,1.6976005515
Scomberoides,2014,4510.133106732542,7639872.642645467,1.6939350706170908
Scomberoides commersonnianus,2014,1290.1839296080993,4863628.84950822,3.769717431673153
Scomberoides lysan,2014,515.8624625217,638787.8353126474,1.2382909820382144
Scomberoides tol,2014,76.7303531037,58852.180830537865,0.7669999999999996
Scomberomorus,2014,358133.1226670731,378088586.1967379,1.055720798403268
Scomberomorus brasiliensis,2014,1141.9716204058054,2554230.7104598386,2.236684927031882
Scomberomorus cavalla,2014,1824.9024055096475,5046663.27595257,2.765442831745936
Scomberomorus commerson,2014,171150.20498060013,745398668.640015,4.355230943045063
Scomberomorus guttatus,2014,35585.40390340949,64600944.27116494,1.8153775757755395
Scomberomorus lineolatus,2014,3.024110376,3340.999827394816,1.1047876605000002
Scomberomorus maculatus,2014,4970.06691299564,11261520.895691961,2.265869070343005
Scomberomorus niphonius,2014,49508.91514821433,68273335.5290209,1.379010938224595
Scomberomorus regalis,2014,0.125,182.88377487499997,1.4630701989999997
Scomberomorus semifasciatus,2014,919.6668681171091,3278484.8803835674,3.5648613580000035
Scomberomorus sierra,2014,1231.2510618502301,2680111.4541894575,2.1767383901070434
Scomberomorus tritor,2014,1677.987172804369,3926478.222767803,2.3399929906529615
Scombridae,2014,238241.70026626025,158229381.23672187,0.6641548522357078
Scombroidea,2014,1638.728334659147,2858557.5719221747,1.744375508413205
Scophthalmidae,2014,544.3667446391994,5746299.274376847,10.555933717415883
Scophthalmus aquosus,2014,7.217102312,9205.023676411658,1.2754459169999999
Scophthalmus maximus,2014,4412.616900824223,50630383.72556688,11.474003944486942
Scophthalmus rhombus,2014,2169.7853954530183,20633252.97765875,9.509351948306776
Scorpaena,2014,4349.155880330488,26082057.473187562,5.997039009603311
Scorpaena porcus,2014,186.71,1032374.7674631497,5.529295524948581
Scorpaena scrofa,2014,137.8315504312018,2500460.955313858,18.141426600014597
Scorpaenidae,2014,5702.0587905775765,27683985.182986155,4.855085890859777
Scorpaeniformes,2014,429.5625882486831,283735.60494544246,0.6605221513871263
Scyliorhinidae,2014,988.468288319555,815916.7033954121,0.8254353862808395
Scyliorhinus,2014,820.1891365872127,1212265.8819151209,1.4780321121532163
Scyliorhinus canicula,2014,5459.610522138514,7227384.086598766,1.3237911490740955
Scyliorhinus stellaris,2014,188.51850987000915,309837.61308275844,1.6435394768206237
Scylla,2014,872.3942720923994,2445658.075120199,2.8033862134999987
Scylla serrata,2014,1839.048530003959,1812764.9556250907,0.9857080582975091
Scyllaridae,2014,2379.847028041574,25732823.83145179,10.812805835099354
Scyllarides latus,2014,28.5890490933,41828.22275285781,1.4630854848075543
Scyphozoa,2014,769140.9998233443,3967749392.193185,5.158676228551715
Sebastes,2014,22711.58517017691,39132646.952291995,1.7230257887801663
Sebastes alutus,2014,52981.613411744045,17878158.125996657,0.3374408020959539
Sebastes crameri,2014,94.17023512,105165.89817782113,1.1167636785000004
Sebastes entomelas,2014,691.980753184001,674714.0795668408,0.9750474654999994
Sebastes flavidus,2014,1350.96934096,1483096.3716053006,1.09780165
Sebastes goodei,2014,271.275685112,359804.87553089863,1.3263439935
Sebastes melanops,2014,0.683563144,2887.7400832590797,4.224540349500002
Sebastes mentella,2014,39554.820232925325,42996776.85259067,1.0870173748584067
Sebastes norvegicus,2014,49401.22639747098,123297567.76218951,2.495840220041613
Sebastes oculatus,2014,12.00502652890253,9358.174644504323,0.7795213631535244
Sebastes paucispinis,2014,8.229973248,18521.50033277603,2.2504933824999998
Sebastes pinniger,2014,13.805979704,15486.908621803192,1.1217536860000001
Sebastes viviparus,2014,476,384314.40962600004,0.8073832135000001
Sebastidae,2014,14227.370754760044,56832000.11447521,3.9945539547748807
Sebastolobus alascanus,2014,820.721788328,1995033.651104295,2.430828180117698
Selar crumenophthalmus,2014,66057.26758456252,209232292.29453433,3.167437890564998
Selaroides leptolepis,2014,172069.77299026397,277380538.6943054,1.6120236220105906
Selene dorsalis,2014,2522.8459180223,2891547.791162561,1.146145220564755
Selene setapinnis,2014,5.74719418446172,6459.846263334974,1.124
Sepia,2014,36929.378454745725,49137503.59882077,1.3305803036743555
Sepia officinalis,2014,11578.484343597871,45307790.814977035,3.913102049494865
Sepiida,2014,109819.83119957571,247780009.6739414,2.2562410355890137
Sepiidae,2014,139601.21221403568,272562307.80074793,1.952435107675549
Sepioteuthis lessoniana,2014,4918.3856918719375,15147804.735833941,3.0798326290000015
Sergestidae,2014,69649.08641944267,154868339.9507126,2.2235516345190827
Seriola,2014,22344.557970266906,55876575.97175607,2.500679406865377
Seriola dumerili,2014,1407.108410756383,7391140.541077161,5.252715771277422
Seriola lalandi,2014,65382.927052564664,796386827.6449461,12.180348350031656
Seriolella,2014,2.7,8808.660639450001,3.2624669035
Seriolella brama,2014,1860.167372335519,9554587.226162897,5.1364126520328695
Seriolella caerulea,2014,1423.2931030651753,7194302.972385654,5.0546882837359
Seriolella punctata,2014,6465.889683969419,34064492.770740256,5.268338068803551
Seriolina nigrofasciata,2014,2690.3047307312613,4748657.537286169,1.7651002442371722
Serranidae,2014,12141.048870703198,11108194.771637084,0.9149287586216354
Serranus,2014,376.8190228223975,1660549.3259329621,4.4067555652985515
Serranus cabrilla,2014,91.00881510599746,336216.09811190155,3.6943245302151504
Sicyonia brevirostris,2014,678.3979192375141,2047502.926881586,3.0181444677526117
Sicyonia ingentis,2014,238.64835896,975073.7943586477,4.085818140999999
Siganidae,2014,641.7028114129998,1892137.9072015823,2.948620254655239
Siganus,2014,18530.86666120751,52360777.77614213,2.8255978920702134
Sillaginidae,2014,1148.2820747130786,4054061.0060611386,3.530544537215847
Sillago,2014,5493.751159945216,14697478.623541396,2.675308399605045
Sillago sihama,2014,268.9466831331,139718.5389445049,0.5195027405315092
Siluriformes,2014,4863.766946147742,791357.9561531639,0.16270474406261276
Solea,2014,376.0878190730551,2880110.9058030234,7.658080798526372
Solea senegalensis,2014,33.667566666666666,411812.9862043855,12.231741909999997
Solea solea,2014,27029.025713989602,371713604.68139917,13.752386364744503
Soleidae,2014,1192.9269393996465,5871501.418727021,4.921928765966102
Solen,2014,648.4541811799663,1402049.637837379,2.1621414103400873
Solenidae,2014,149.67981194570731,218992.18196499057,1.463070931999999
Solenocera agassizii,2014,37.25,54999.11416387501,1.4764862862785237
Somniosus microcephalus,2014,58.69022293420941,26044.712233208083,0.44376577445281984
Sparidae,2014,250322.1284655546,269015746.07445246,1.0746782464797962
Sparisoma aurofrenatum,2014,42.4456297356963,126403.08535290358,2.978
Sparisoma cretense,2014,13.869398553981405,20345.917655172678,1.466964668726179
Sparus aurata,2014,1748.7227513022235,20643468.086572506,11.804883347688998
Sphoeroides maculatus,2014,0.0680388,661.7809271696174,9.726522619000002
Sphyraena,2014,40064.43045086743,69335173.92314804,1.7305917778658169
Sphyraena barracuda,2014,5614.567554015592,13490215.974878743,2.402716833504018
Sphyraena guachancho,2014,0.1892519522,820.0897450974594,4.333322512999997
Sphyraena jello,2014,13.8513985474,34317.0917655447,2.477518183316315
Sphyraena novaehollandiae,2014,57.37870176115035,275726.3064996526,4.8053772225000015
Sphyraena obtusata,2014,1481.0415908209975,2186455.5049007414,1.4762958167087707
Sphyraenidae,2014,8864.038495121076,4336881.202934014,0.4892669639601757
Sphyrna,2014,2749.1756185168306,3397417.2286429424,1.2357949073023702
Sphyrna lewini,2014,1368.9483205423635,731829.4088487428,0.5345924297264921
Sphyrna mokarran,2014,877.7048229290468,428944.2408437612,0.48871127244385304
Sphyrna zygaena,2014,6906.162726560058,4670198.1641805265,0.676236333994803
Sphyrnidae,2014,158.4289126011478,198549.8156019711,1.253242304968851
Spicara,2014,690.7974269331729,1224357.9279794814,1.7723834517089547
Spicara maena,2014,72.11508127395983,149849.67639769107,2.0779242531589652
Spicara smaris,2014,1752.738,3174743.9007545444,1.8113054550962804
Spisula,2014,9.393950633100005,14946.022188795796,1.5910262649382911
Spisula ovalis,2014,2.5189393939393945,3685.385160359849,1.463070199
Spisula solida,2014,147.19999999999996,215363.9332928,1.4630701990000003
Spisula solidissima,2014,92633.41602625955,140885571.82622397,1.5208936242433937
Spondyliosoma cantharus,2014,5940.211764239334,17098609.572225332,2.878451181683566
Spratelloides gracilis,2014,310.0251966885755,86955.83972364763,0.280479911479569
Sprattus fuegensis,2014,25.91084892488135,8463.609660814613,0.3266434722131888
Sprattus sprattus,2014,472277.9693494759,387943089.8096513,0.8214295711146785
Squalidae,2014,2472.750874875127,3168218.725768016,1.2812526963226776
Squaliformes,2014,122.61310135396148,99123.96477814941,0.8084288194619329
Squalus,2014,82.07297377158743,83642.27845267828,1.0191208458640513
Squalus acanthias,2014,5483.7015883845625,9380479.578317633,1.7106108760890868
Squalus blainville,2014,207.77316721357957,761211.3752111366,3.6636654550712633
Squatina argentina,2014,207,262364.61433499993,1.2674619049999996
Squatina squatina,2014,7.47,8677.702882619998,1.161673746
Squatinidae,2014,44.3746217268,65671.61981198752,1.4799364424176087
Squilla mantis,2014,3612.4791899999977,26716633.899588417,7.395650602928023
Squillidae,2014,222762.27572377017,82332925.73771974,0.36959994896000375
Stellifer rastrifer,2014,1.9096511761,8219.865225962543,4.304380469499999
Stenotomus chrysops,2014,2446.826294136004,3584762.5057035647,1.4650662019999976
Stephanolepis cirrhifer,2014,2695.5129784877026,7981457.896889445,2.9610163113988723
Stephanolepis hispidus,2014,128.4077137536,187869.49931461463,1.4630701990000001
Stichopus,2014,495.8149958936006,1576509.6132630417,3.1796327789999976
Stolephorus,2014,176933.70988169938,131001399.19899672,0.7403981936883949
Stomatopoda,2014,176.7,506068.7999999999,2.8639999999999994
Stomolophus,2014,78256,114494021.49294394,1.4630701989999992
Strangomera bentincki,2014,121083.27000121084,35834978.377995364,0.29595317650107245
Stromateidae,2014,44724.88274883583,45247878.437917456,1.0116936178909322
Stromateus brasiliensis,2014,1.8007539793353808,3762.1701331537333,2.0892193916140998
Stromateus fiatola,2014,2898.6651455260003,4815897.065212137,1.661418902643972
Strongylocentrotus,2014,2377,3477717.863022999,1.4630701989999995
Synanceiidae,2014,0.0606240448,44.10660509427459,0.7275430935
Synodontidae,2014,373900.6358709785,57281073.5146297,0.15319865231359386
Taractichthys steindachneri,2014,39.49642984681121,57786.04947576354,1.463070198999998
Tautoga onitis,2014,5.152351528,31376.81688528183,6.089805153000002
Tegillarca granosa,2014,3309.895720926611,6816370.183825681,2.0593912191038535
Tellina,2014,12.44090909090909,123715.01313830876,9.944210043999973
Tenualosa ilisha,2014,13032.3215326827,3169639.113113239,0.2432136979711833
Terapon,2014,7472.247179589561,18011483.600194324,2.4104507208209975
Terapon jarbua,2014,0.8487366266,1646.6465890221823,1.9401149159999997
Terapontidae,2014,345.57556514144267,862151.76781017,2.4948284970822363
Tetraodontidae,2014,14811.70071200232,13929815.384439776,0.9404602250133282
Tetrapturus angustirostris,2014,49.17443307186392,152017.92908143476,3.0914017627671377
Tetrapturus belone,2014,117.99999999999999,886923.2318154663,7.516298574707343
Tetrapturus pfluegeri,2014,14.180819661205605,42814.07004728171,3.01915341074451
Teuthida,2014,497850.8631067822,739283203.3806642,1.4849491246580366
Thalassoma pavo,2014,0.0127749895702962,25.5372041510221,1.9989999999999997
Thenus orientalis,2014,1030.7845088564438,8550608.376723193,8.295243383322932
Theragra chalcogramma,2014,3095201.983605644,970791636.6758833,0.3136440341592811
Thryssa,2014,277.29683886964085,192751.97864271924,0.6951106237937796
Thunnus,2014,309.83021661362704,454211.09755557706,1.4659999999999993
Thunnus alalunga,2014,91609.75063802199,281150375.5794025,3.0690005553045685
Thunnus albacares,2014,642349.3700310367,1399369159.5981786,2.178517213351614
Thunnus atlanticus,2014,540.139184722963,1521144.4225128419,2.816208239535585
Thunnus maccoyii,2014,5060.039093342193,22151160.370293338,4.377665856265615
Thunnus obesus,2014,123924.72461090246,338867709.230945,2.7344640893487417
Thunnus orientalis,2014,11685.363024808337,49514694.07142578,4.2373261289619135
Thunnus thynnus,2014,14367.004983302413,114614669.79409526,7.977631380186925
Thunnus tonggol,2014,339.99999999999983,498439.9999999999,1.4660000000000004
Thyrsites atun,2014,24562.087370784135,20227677.567611966,0.8235325142468217
Thyrsitops lepidopoides,2014,0.085215617,178.76524916497246,2.097799153000001
Todarodes pacificus,2014,392211.98915531975,340625709.31484944,0.8684734753989337
Todarodes sagittatus,2014,460.88344910279494,1063133.5941636022,2.3067298169053627
Trachichthyidae,2014,24.64653688716343,40792.478778243916,1.6550998205143264
Trachinidae,2014,67.6724285729,347618.74040608207,5.13678536054917
Trachinotus,2014,278.327368717,494397.6142698205,1.7763169197080226
Trachinotus blochii,2014,11.1884009871,20541.9042123156,1.836
Trachinotus carolinus,2014,116.3630328022,1051346.7466351576,9.035057967441363
Trachinotus mookalee,2014,0.8487366266,1148.5868182685595,1.353290034
Trachinotus ovatus,2014,2,2926.141864000002,1.463070932000001
Trachinus,2014,995.8917852888999,1957467.8776673758,1.9655427493053683
Trachinus draco,2014,2221.620275589097,3234686.8460359834,1.4560034770920767
Trachipterus,2014,9,7158.6647595,0.7954071955
Trachurus,2014,340927.91510024754,164018912.88269928,0.4810955794994688
Trachurus capensis,2014,323730.6706513311,283568300.60998446,0.8759389403526647
Trachurus declivis,2014,137.29478420317733,218847.8860198646,1.5939999999999996
Trachurus japonicus,2014,155045.59602375762,181678538.594013,1.1717749052747968
Trachurus lathami,2014,1548.3433233827006,2590304.665705106,1.6729523914928692
Trachurus mediterraneus,2014,5961.155406557637,15595384.289396783,2.616168045584066
Trachurus murphyi,2014,496143.86057504464,348603261.5200974,0.7026253657881737
Trachurus picturatus,2014,1611.409535436917,2150576.14721628,1.3345931620251792
Trachurus symmetricus,2014,519.423136856,362753.1003505202,0.6983768619669448
Trachurus trachurus,2014,324291.6612071031,340980741.8901992,1.0514631816956832
Trachurus trecae,2014,76775.38906628707,115957327.28402711,1.5103450297583092
Trachysalambria curvirostris,2014,243496.9588525757,1071359600.4261327,4.39988903957845
Trachyscorpia cristulata echinata,2014,16.9711164084,24829.934660889958,1.4630701990000001
Trematomus,2014,0.007461000000000001,22.010639650074,2.9500924339999997
Trematomus hansoni,2014,0.00151,2.209236000490001,1.4630701990000008
Triakidae,2014,468.7723263067687,471691.3313000562,1.0062269140678266
Triakis megalopterus,2014,1,1463.0701990000005,1.4630701990000003
Trichiuridae,2014,169145.17973466212,164330954.25289503,0.971537909094902
Trichiurus,2014,23564.936900384924,63177150.800749525,2.6809811147730063
Trichiurus lepturus,2014,1023450.9579253475,553765017.3668746,0.5410762607418139
Trigla,2014,56.8,83102.38730320001,1.4630701990000001
Trigla lyra,2014,19.75,23726.487660999996,1.2013411473924047
Triglidae,2014,4782.560694230746,14508821.068465076,3.033693035190797
Trigloporus lastoviza,2014,3.25,4754.97814675,1.463070199
Trisopterus esmarkii,2014,48269.60234486605,67253376.73664966,1.3932863224385508
Trisopterus luscus,2014,7844.581931545757,8421830.958050678,1.0735856966683726
Trisopterus minutus,2014,683.7290300000003,1778769.3081461014,2.6015705492950922
Turbo cornutus,2014,7164.717673246096,17586711.322132148,2.454627261560216
Tylosurus crocodilus,2014,92.68885834320001,73850.15628038756,0.7967533272115814
Umbrina canariensis,2014,978.4924656724011,1012631.0396899563,1.0348889492921092
Umbrina canosai,2014,12947.5185967283,44212685.72290638,3.4147613222257474
Umbrina cirrosa,2014,28.481777874,151111.31096850912,5.30554348246825
Upeneus,2014,5701.612751097328,22452205.672174502,3.9378692752946725
Upeneus vittatus,2014,7284.652614247598,32162896.900055274,4.415158636000002
Uranoscopus,2014,49.9562776101986,113921.9653757668,2.280433427500002
Uranoscopus scaber,2014,37.275825623464335,89018.07415999139,2.3880912809066372
Uraspis secunda,2014,0.9999999999999998,1466,1.4660000000000002
Urophycis brasiliensis,2014,2578.2764826087005,3865907.10264636,1.4994152600479973
Urophycis chuss,2014,398.6341295818619,493925.8113776487,1.2390454673204745
Urophycis tenuis,2014,1310.6372428673926,2908396.3654529303,2.2190704417112275
Variola louti,2014,3.4288358996,12827.275100403596,3.7409999999999988
Veneridae,2014,13116.07968410771,27258840.744871356,2.0782765430969383
Venus verrucosa,2014,325.44696969696975,1743324.670592169,5.356708874000006
Vimba,2014,109.061043,139267.37204572264,1.276967175581868
Xiphias gladius,2014,27138.462685018178,175870651.25114396,6.480494245100832
Xiphopenaeus kroyeri,2014,26853.625842280882,14286521.489496287,0.5320146178175403
Zearaja chilensis,2014,750.4271844660202,1400224.2449968948,1.865902880361736
Zearaja nasuta,2014,1556.4312422630887,2277344.419599924,1.4631834402710973
Zeidae,2014,126.26151404072995,184743.7564879529,1.4631834402710988
Zenopsis conchifer,2014,48.584151919899995,249338.9576541735,5.132104766699543
Zenopsis nebulosa,2014,402.9369707782006,2175532.5037197624,5.399188114999999
Zeus faber,2014,12472.765060241649,77913749.38630144,6.2467102530985965
Zoarces viviparus,2014,43.68000000000005,28966.456526735,0.663151477260416
Zygochlamys patagonica,2014,1,1466,1.466
